-- Generation time: Thu, 23 Jul 2020 13:30:11 +0000
-- Host: mysql.hostinger.ro
-- DB name: u574849695_24
/*!40030 SET NAMES UTF8 */;
/*!40101 SET @OLD_CHARACTER_SET_CLIENT=@@CHARACTER_SET_CLIENT */;
/*!40101 SET @OLD_CHARACTER_SET_RESULTS=@@CHARACTER_SET_RESULTS */;
/*!40101 SET @OLD_COLLATION_CONNECTION=@@COLLATION_CONNECTION */;
/*!40103 SET @OLD_TIME_ZONE=@@TIME_ZONE */;
/*!40103 SET TIME_ZONE='+00:00' */;
/*!40014 SET @OLD_UNIQUE_CHECKS=@@UNIQUE_CHECKS, UNIQUE_CHECKS=0 */;
/*!40014 SET @OLD_FOREIGN_KEY_CHECKS=@@FOREIGN_KEY_CHECKS, FOREIGN_KEY_CHECKS=0 */;
/*!40101 SET @OLD_SQL_MODE=@@SQL_MODE, SQL_MODE='NO_AUTO_VALUE_ON_ZERO' */;
/*!40111 SET @OLD_SQL_NOTES=@@SQL_NOTES, SQL_NOTES=0 */;

DROP TABLE IF EXISTS `communities`;
CREATE TABLE `communities` (
  `id` int(10) unsigned NOT NULL AUTO_INCREMENT COMMENT 'Идентификатор сроки',
  `name` varchar(150) COLLATE utf8_unicode_ci NOT NULL COMMENT 'Название группы',
  `created_at` datetime DEFAULT current_timestamp() COMMENT 'Время создания строки',
  `updated_at` datetime DEFAULT current_timestamp() ON UPDATE current_timestamp() COMMENT 'Время обновления строки',
  PRIMARY KEY (`id`),
  UNIQUE KEY `name` (`name`)
) ENGINE=InnoDB AUTO_INCREMENT=101 DEFAULT CHARSET=utf8 COLLATE=utf8_unicode_ci COMMENT='Группы';

INSERT INTO `communities` VALUES ('1','ipsum','1989-03-17 22:53:44','2011-03-14 15:56:25'),
('2','eos','1996-10-04 11:53:03','1995-10-12 01:17:43'),
('3','aut','1974-05-07 08:34:35','2000-02-14 21:21:51'),
('4','explicabo','1989-05-10 17:05:58','1995-08-31 02:22:00'),
('5','iste','2005-12-10 02:31:15','1996-01-25 00:06:08'),
('6','sunt','2005-10-06 22:15:21','2015-01-18 21:11:47'),
('7','tenetur','2005-05-13 02:04:15','2018-05-11 07:37:45'),
('8','qui','1975-01-04 08:29:47','1992-11-08 02:52:22'),
('9','dolorem','1971-12-02 21:00:23','1992-06-25 23:23:28'),
('10','recusandae','2019-01-03 14:09:18','1984-01-14 00:02:19'),
('11','illum','1971-07-10 10:32:19','2014-03-11 04:27:19'),
('12','commodi','2014-09-28 12:31:38','2002-06-12 11:47:07'),
('13','fugit','1989-12-31 02:02:29','1973-05-06 07:14:15'),
('14','enim','1985-06-19 01:23:26','1997-03-08 09:44:53'),
('15','et','2004-05-11 04:05:04','1994-07-28 22:11:46'),
('16','modi','1973-10-07 08:26:00','1986-07-11 05:12:15'),
('17','excepturi','1971-06-13 19:30:43','1992-12-11 01:09:00'),
('18','blanditiis','1997-06-10 20:11:52','2004-08-26 12:21:09'),
('19','voluptates','1971-01-11 13:45:56','2015-10-28 16:09:15'),
('20','similique','2009-11-15 17:11:46','1975-09-14 14:34:31'),
('21','reiciendis','1988-10-04 07:26:46','1970-08-10 18:40:38'),
('22','sit','2012-11-09 01:53:49','2008-06-10 04:20:53'),
('23','rerum','2015-11-02 22:50:21','2001-02-25 09:08:51'),
('24','quia','1977-09-27 03:21:04','2018-03-01 17:10:11'),
('25','eum','1970-12-19 06:12:13','1984-03-11 08:02:48'),
('26','voluptas','2019-02-16 10:28:55','1987-07-11 04:28:48'),
('27','accusamus','1994-04-13 13:17:36','1971-06-30 11:14:20'),
('28','adipisci','1979-08-13 14:17:21','1981-12-11 08:41:53'),
('29','officia','2005-01-08 08:56:22','1971-10-11 13:59:43'),
('30','a','2009-08-06 23:44:02','2007-11-05 17:32:22'),
('31','corporis','1995-06-19 04:50:25','1976-11-11 18:54:06'),
('32','pariatur','2016-10-16 09:28:23','2013-06-26 10:31:27'),
('33','incidunt','2018-08-04 03:02:05','2017-07-18 01:22:21'),
('34','aliquid','2002-02-21 13:29:29','1991-08-12 22:20:56'),
('35','voluptatem','1997-04-12 23:55:38','1985-03-15 06:46:35'),
('36','numquam','1971-04-29 18:07:54','1973-03-10 03:19:26'),
('37','non','1987-01-18 10:36:20','2003-05-07 08:09:35'),
('38','nam','1989-10-22 16:27:33','1990-07-13 07:51:35'),
('39','culpa','2015-08-16 07:02:04','2008-02-17 18:04:22'),
('40','cupiditate','2014-10-24 22:36:03','1996-07-30 19:05:11'),
('41','earum','1978-12-02 23:07:32','1984-02-25 19:17:01'),
('42','nobis','2013-12-17 16:10:59','1982-09-04 14:19:02'),
('43','vel','1995-08-29 00:02:13','1981-05-13 20:07:40'),
('44','est','2009-03-15 11:13:44','1996-10-02 12:49:20'),
('45','vitae','1970-06-14 02:27:17','1995-07-20 18:32:45'),
('46','ea','1987-12-06 23:01:25','2016-01-24 05:11:03'),
('47','sint','1990-04-04 22:30:34','1994-03-05 08:46:09'),
('48','quo','2002-05-06 02:49:20','1980-07-13 07:27:00'),
('49','vero','1973-11-08 15:55:31','1992-03-21 21:58:18'),
('50','exercitationem','1992-11-17 14:46:00','2000-02-25 15:36:30'),
('51','eaque','1970-07-04 15:07:51','2009-06-22 13:47:59'),
('52','quos','2016-06-28 05:07:47','1994-08-16 21:38:04'),
('53','alias','1984-10-03 10:59:21','2019-05-26 16:09:09'),
('54','molestiae','2013-03-11 04:08:36','2004-03-23 06:05:19'),
('55','assumenda','1986-08-12 00:08:39','1971-10-08 21:10:46'),
('56','quidem','2011-04-20 07:33:39','1981-01-08 15:16:50'),
('57','ullam','2010-05-13 18:48:32','1983-04-20 08:47:42'),
('58','velit','1984-01-01 12:54:57','1970-07-29 13:32:15'),
('59','quaerat','1980-01-14 15:26:30','2008-10-12 22:42:47'),
('60','animi','2004-09-22 08:26:24','1984-07-24 12:38:21'),
('61','maiores','2008-08-12 03:15:23','2017-08-06 18:53:01'),
('62','labore','1989-01-27 21:55:57','1975-08-31 21:51:20'),
('63','nemo','2000-12-05 10:16:50','1993-12-28 09:52:24'),
('64','quibusdam','1995-08-16 03:29:02','2017-08-12 08:15:23'),
('65','ut','1998-11-10 11:44:09','1988-07-11 01:37:56'),
('66','ab','2012-08-16 04:32:20','2008-06-09 02:34:58'),
('67','deserunt','2000-05-28 08:28:15','1985-04-16 16:38:52'),
('68','quisquam','1997-06-24 14:41:17','2006-03-22 19:57:16'),
('69','id','2004-01-16 08:32:35','1976-08-20 10:59:29'),
('70','dolores','2000-05-12 05:26:16','2000-12-30 13:59:41'),
('71','odit','2002-07-25 15:04:59','1992-08-08 12:34:11'),
('72','nihil','2000-09-09 21:09:53','2013-10-30 01:17:33'),
('73','porro','2012-11-22 03:17:59','2014-07-16 16:34:00'),
('74','sed','1973-10-02 09:34:51','2005-11-07 10:10:22'),
('75','omnis','2013-02-23 07:47:24','2016-06-30 07:01:54'),
('76','dolore','2004-08-27 20:53:12','2011-02-24 19:40:09'),
('77','esse','1988-04-30 20:10:03','1972-06-26 04:40:27'),
('78','maxime','1995-07-13 01:27:10','1981-07-26 15:43:31'),
('79','doloremque','1989-07-18 01:17:43','1971-04-14 19:10:51'),
('80','quae','2001-08-06 20:55:02','2005-08-05 18:44:16'),
('81','inventore','2004-05-08 03:00:44','1978-01-21 05:10:06'),
('82','rem','1987-07-05 09:31:30','2016-04-04 20:35:18'),
('83','ducimus','2018-06-23 23:21:05','1972-12-05 15:35:22'),
('84','laborum','1983-06-05 12:30:14','2018-08-25 17:11:12'),
('85','in','2017-06-24 10:06:42','2006-11-19 00:00:54'),
('86','natus','1990-11-25 18:28:45','1984-02-29 04:18:38'),
('87','sequi','2013-04-29 09:11:19','2003-08-21 01:04:12'),
('88','quis','1994-08-08 04:03:41','1982-06-15 14:16:26'),
('89','asperiores','2002-03-19 02:43:34','2007-02-02 11:08:58'),
('90','soluta','2012-10-19 01:26:41','1984-07-07 09:55:07'),
('91','impedit','2006-02-17 22:43:51','1984-06-06 21:19:24'),
('92','dolor','1988-01-29 21:13:53','2005-09-20 03:33:40'),
('93','ex','2018-10-30 04:10:34','1992-07-05 21:59:35'),
('94','aspernatur','2013-04-23 01:23:12','1971-08-10 01:52:26'),
('95','facilis','1982-09-16 11:41:30','2009-12-27 16:20:24'),
('96','quod','2012-04-21 22:45:36','1975-12-15 18:00:02'),
('97','consequatur','2001-07-18 03:44:31','1999-05-12 22:43:43'),
('98','minima','1991-08-14 21:21:34','1995-11-05 23:47:57'),
('99','expedita','1977-07-11 16:23:54','1974-11-15 23:42:23'),
('100','iure','2004-09-16 02:02:59','1993-12-05 17:45:22'); 


DROP TABLE IF EXISTS `communities_users`;
CREATE TABLE `communities_users` (
  `community_id` int(10) unsigned NOT NULL COMMENT 'Ссылка на группу',
  `user_id` int(10) unsigned NOT NULL COMMENT 'Ссылка на пользователя',
  `created_at` datetime DEFAULT current_timestamp() COMMENT 'Время создания строки',
  PRIMARY KEY (`community_id`,`user_id`) COMMENT 'Составной первичный ключ',
  KEY `FK_communities_users_users_id` (`user_id`),
  CONSTRAINT `FK_communities_users_communities_id` FOREIGN KEY (`community_id`) REFERENCES `communities` (`id`),
  CONSTRAINT `FK_communities_users_users_id` FOREIGN KEY (`user_id`) REFERENCES `users` (`id`)
) ENGINE=InnoDB DEFAULT CHARSET=utf8 COLLATE=utf8_unicode_ci COMMENT='Участники групп, связь между пользователями и группами';

INSERT INTO `communities_users` VALUES ('2','9','2016-02-12 10:10:42'),
('2','24','2003-09-13 06:33:32'),
('3','18','1984-09-13 16:27:28'),
('5','52','1987-01-11 14:22:19'),
('6','92','1994-12-09 10:11:12'),
('8','26','1980-01-11 02:59:46'),
('13','37','1991-12-20 11:31:14'),
('14','27','2008-03-07 14:50:29'),
('16','19','1974-02-01 19:16:23'),
('16','84','1979-11-19 05:45:31'),
('18','15','2012-09-27 13:40:29'),
('18','63','1986-10-23 14:01:53'),
('21','18','2013-04-10 21:43:03'),
('21','67','1985-05-28 05:34:07'),
('21','87','1994-03-23 05:05:03'),
('21','100','2013-03-14 01:47:24'),
('22','57','1970-03-03 07:40:34'),
('23','54','1980-12-02 06:43:40'),
('24','78','2011-04-15 22:47:46'),
('27','26','1989-12-25 22:52:21'),
('28','40','1993-11-19 12:16:45'),
('29','10','1985-11-29 07:49:12'),
('30','43','1992-06-21 02:29:42'),
('30','50','1974-10-10 09:26:28'),
('30','63','2012-07-22 16:35:32'),
('30','75','1985-03-17 05:00:35'),
('30','99','1997-06-12 05:38:07'),
('32','32','1979-09-11 17:39:00'),
('35','56','1982-02-27 00:28:40'),
('35','87','1997-09-12 16:03:04'),
('35','99','2008-04-04 14:18:54'),
('36','48','1981-06-30 18:13:28'),
('37','38','2009-10-27 20:57:31'),
('40','22','1985-06-30 18:08:19'),
('41','2','1995-08-30 18:42:41'),
('41','47','2001-10-11 20:34:13'),
('42','96','1978-06-06 13:11:08'),
('43','25','2008-12-08 19:24:05'),
('44','57','1996-08-21 20:16:16'),
('46','98','1981-07-21 06:38:49'),
('47','62','1984-05-19 15:52:08'),
('47','85','1972-12-11 03:46:09'),
('48','100','1983-07-07 09:12:33'),
('49','40','1981-03-15 01:34:43'),
('49','64','1980-02-29 14:23:58'),
('49','84','2002-04-25 16:51:00'),
('50','30','1975-02-03 08:36:54'),
('51','69','2001-02-11 13:39:42'),
('52','35','1971-10-22 06:41:13'),
('53','25','2016-07-08 22:56:34'),
('53','95','2016-10-28 06:07:22'),
('55','50','1974-08-11 02:30:38'),
('55','59','2020-05-30 05:16:33'),
('57','73','1987-12-17 08:59:30'),
('57','93','1980-03-27 04:21:42'),
('58','33','1976-02-24 07:22:02'),
('60','40','2016-01-12 20:48:49'),
('61','82','1996-01-22 10:52:56'),
('62','97','2019-02-23 00:13:48'),
('66','29','1994-05-27 20:30:03'),
('66','58','2010-12-21 19:52:24'),
('67','59','2020-07-05 17:55:50'),
('68','24','2017-12-09 01:34:11'),
('68','92','1989-09-23 16:58:34'),
('69','23','2016-06-05 10:05:51'),
('69','48','1977-07-04 14:56:50'),
('70','20','1996-05-15 01:48:26'),
('70','26','1971-08-07 03:20:36'),
('70','75','1990-12-09 13:48:44'),
('72','75','1973-03-24 01:48:54'),
('72','82','1970-05-30 06:59:54'),
('73','11','1976-09-21 00:18:00'),
('73','32','2010-06-02 19:05:40'),
('73','98','2015-02-20 15:28:02'),
('75','68','1977-08-27 05:09:42'),
('75','71','1976-01-08 22:39:00'),
('77','57','1997-08-18 05:31:01'),
('80','16','1995-04-18 05:08:21'),
('82','11','2000-08-01 12:24:38'),
('82','85','2014-07-08 05:53:25'),
('83','19','2012-02-27 07:51:15'),
('84','86','1974-06-18 14:39:28'),
('86','36','2000-09-24 07:02:53'),
('86','73','2009-01-15 07:20:53'),
('86','74','1989-02-14 17:10:07'),
('87','91','1975-07-15 06:55:36'),
('88','52','2015-08-23 16:42:36'),
('88','62','1989-04-01 17:42:31'),
('90','19','2002-12-01 19:59:43'),
('90','81','1995-11-13 18:53:39'),
('90','88','2012-10-01 09:23:36'),
('91','69','2018-02-16 21:25:49'),
('92','9','2018-02-04 19:05:24'),
('92','14','2002-12-25 11:16:36'),
('92','22','2016-12-23 15:12:04'),
('93','65','1999-06-23 22:45:32'),
('95','77','1977-09-27 23:36:37'),
('99','17','2015-07-10 16:27:18'),
('99','54','2018-05-24 00:29:55'),
('99','97','1999-05-09 20:15:59'); 


DROP TABLE IF EXISTS `friendship`;
CREATE TABLE `friendship` (
  `user_id` int(10) unsigned NOT NULL COMMENT 'Ссылка на инициатора дружеских отношений',
  `friend_id` int(10) unsigned NOT NULL COMMENT 'Ссылка на получателя приглашения дружить',
  `status_id` int(10) unsigned NOT NULL COMMENT 'Ссылка на статус (текущее состояние) отношений',
  `requested_at` datetime DEFAULT current_timestamp() COMMENT 'Время отправления приглашения дружить',
  `confirmed_at` datetime DEFAULT NULL COMMENT 'Время подтверждения приглашения',
  `created_at` datetime DEFAULT current_timestamp() COMMENT 'Время создания строки',
  `updated_at` datetime DEFAULT current_timestamp() ON UPDATE current_timestamp() COMMENT 'Время обновления строки',
  PRIMARY KEY (`user_id`,`friend_id`) COMMENT 'Составной первичный ключ',
  KEY `FK_friendship_friend_id` (`friend_id`),
  KEY `FK_friendship_friendship_statuses_id` (`status_id`),
  CONSTRAINT `FK_friendship_friend_id` FOREIGN KEY (`friend_id`) REFERENCES `users` (`id`),
  CONSTRAINT `FK_friendship_friendship_statuses_id` FOREIGN KEY (`status_id`) REFERENCES `friendship_statuses` (`id`),
  CONSTRAINT `FK_friendship_users_id` FOREIGN KEY (`user_id`) REFERENCES `users` (`id`)
) ENGINE=InnoDB DEFAULT CHARSET=utf8 COLLATE=utf8_unicode_ci COMMENT='Таблица дружбы';

INSERT INTO `friendship` VALUES ('1','20','1','1998-01-24 19:08:15','2010-11-17 11:40:16','2001-12-26 13:21:48','1982-04-16 01:07:38'),
('2','89','3','1988-04-17 00:24:42','2003-03-16 02:53:39','1980-12-17 14:54:15','1988-04-03 17:11:55'),
('5','76','3','1995-12-10 15:49:20','1994-01-05 14:31:56','1994-08-10 04:10:29','2003-04-07 01:56:49'),
('5','85','3','1985-04-03 12:25:30','1974-03-31 06:07:26','1994-01-02 13:50:28','2009-12-27 02:12:34'),
('5','89','3','1972-09-01 14:47:43','2003-05-12 15:35:53','1983-05-03 02:01:12','2003-11-22 02:02:00'),
('6','49','1','2013-07-26 15:51:00','1994-01-01 05:29:26','2015-11-07 15:47:21','2000-06-16 02:33:48'),
('16','32','1','1994-04-02 19:24:32','1997-09-25 16:43:59','1973-11-15 02:33:21','1972-01-27 11:24:19'),
('16','38','1','1977-03-15 09:00:18','1977-09-27 06:22:30','1977-10-04 16:13:05','1991-09-03 20:56:40'),
('16','61','3','1972-03-28 21:57:00','1989-11-08 01:52:27','2007-01-17 07:55:18','1979-12-19 07:42:37'),
('17','92','3','1975-06-02 18:22:17','1989-02-01 09:41:08','1983-05-16 13:09:22','1970-01-27 07:08:22'),
('19','29','2','1979-11-24 13:43:22','1972-01-29 05:24:13','1999-06-05 11:45:50','2010-06-12 11:26:51'),
('20','58','2','2009-04-09 16:38:58','1975-09-26 07:08:41','2000-03-22 13:30:04','2010-11-05 18:12:18'),
('20','98','2','1986-09-09 06:49:09','2016-04-03 03:25:46','2002-04-22 10:50:21','1976-05-28 17:56:40'),
('21','52','2','1979-12-19 11:16:12','1989-06-29 22:46:28','1970-05-31 11:21:05','2008-01-13 22:14:37'),
('22','26','1','2012-11-23 02:57:01','2005-11-19 19:43:22','1970-01-01 08:45:42','2011-04-14 13:50:56'),
('23','26','3','1976-09-11 05:57:38','1972-06-23 10:07:20','2019-12-14 07:10:22','1983-02-27 11:07:41'),
('24','71','1','2005-10-11 03:34:15','2020-04-29 04:53:37','2000-03-26 12:35:48','2006-11-10 16:48:09'),
('24','77','2','1980-02-19 10:38:04','2018-03-21 23:48:08','1988-04-12 18:02:35','1971-03-31 10:15:41'),
('25','15','2','2000-08-18 19:40:07','1990-07-11 07:04:14','1992-09-10 15:18:50','1999-09-23 16:11:39'),
('25','74','3','2012-08-08 19:14:36','1976-11-16 01:06:41','2018-09-09 20:52:17','1989-07-09 22:11:28'),
('26','99','2','2017-02-28 11:36:16','1993-01-15 18:59:10','1991-09-05 07:34:29','1976-12-11 07:14:14'),
('27','25','3','1997-06-26 01:08:05','2015-03-14 03:09:25','1985-12-14 08:39:17','1995-08-15 19:55:12'),
('28','62','3','1984-04-30 08:56:05','1973-02-09 00:59:29','2019-05-02 04:24:50','2005-06-23 20:43:35'),
('30','46','3','1976-03-07 22:58:26','2000-03-30 22:09:14','2020-06-20 08:08:22','1987-11-14 10:04:50'),
('30','67','3','2008-05-01 04:00:04','2007-06-04 02:55:58','1979-03-30 20:28:29','1973-11-11 08:31:22'),
('31','64','3','1982-11-28 19:59:27','1999-03-16 04:08:15','2018-12-07 11:57:01','2016-09-08 15:21:42'),
('33','16','2','1979-10-09 09:02:31','2015-03-04 14:30:06','1974-12-30 00:42:40','2009-12-26 03:14:21'),
('33','31','3','2020-05-04 02:51:02','1991-08-15 02:25:24','1987-12-08 04:08:38','2007-12-02 12:47:33'),
('38','43','3','1971-05-28 03:58:05','1997-11-20 15:18:08','1992-01-27 22:36:09','1999-09-09 16:35:43'),
('38','97','3','2008-11-10 10:15:04','1989-07-29 19:06:07','1988-10-23 10:44:07','1995-05-11 22:03:34'),
('39','62','2','2018-06-13 05:07:10','1986-03-20 01:42:53','2015-03-20 20:37:15','2017-03-13 17:19:27'),
('42','47','1','2018-11-02 18:46:49','1975-04-16 17:06:49','1981-11-18 15:45:27','1970-05-18 12:57:39'),
('42','56','3','1975-07-03 23:48:42','1983-07-20 01:47:43','2003-04-02 17:03:48','2006-03-06 14:30:57'),
('44','79','2','1996-07-26 06:57:44','1984-06-21 22:45:19','1984-12-24 23:25:13','1998-04-15 09:56:38'),
('45','77','3','1970-09-24 22:12:37','1980-02-18 07:35:24','1981-10-29 20:28:39','2009-03-01 03:06:54'),
('46','8','2','2018-06-03 22:00:17','1999-01-29 02:19:22','1999-04-03 18:50:06','2003-08-13 10:34:35'),
('46','72','3','1978-02-26 12:30:28','1996-05-20 10:27:13','1996-08-09 20:13:46','2017-05-27 03:06:06'),
('48','60','3','1972-09-12 16:30:03','1993-10-13 03:11:06','2011-03-04 21:21:55','1974-02-19 07:52:34'),
('49','54','3','2004-08-28 08:12:30','1979-10-15 08:47:42','1975-08-30 09:15:54','2001-12-19 05:22:07'),
('49','63','3','1971-01-02 19:40:15','1993-09-26 22:28:23','1973-11-23 19:01:19','1976-08-08 02:54:55'),
('50','1','1','1983-07-08 01:21:37','1991-09-07 13:45:25','2010-03-01 03:43:48','1974-02-15 12:58:46'),
('50','29','2','2007-09-24 05:38:46','1980-09-22 10:19:58','2012-04-05 13:17:00','2008-02-18 10:28:14'),
('51','51','3','1976-12-07 13:30:35','1994-06-09 20:43:21','1982-06-15 01:42:17','2011-10-27 15:41:11'),
('51','55','3','2017-02-20 04:02:40','2007-03-12 03:10:54','2019-07-09 20:23:25','2011-12-28 07:40:12'),
('52','3','3','2019-09-15 09:54:07','2013-04-04 08:03:11','1970-11-13 05:52:58','1986-09-27 14:38:51'),
('52','13','3','1996-07-22 08:43:21','1986-11-16 02:26:41','2007-02-28 01:59:12','1997-06-15 00:29:32'),
('54','54','2','2008-06-13 22:18:38','2010-06-17 19:49:37','1972-02-05 17:08:54','2018-01-02 02:13:56'),
('56','74','2','1990-10-02 13:15:02','2016-07-14 02:50:13','2018-01-06 16:51:23','1975-05-13 20:03:14'),
('57','16','1','2010-10-05 22:59:49','2012-08-03 02:12:24','1972-01-24 06:42:56','1975-05-26 23:45:46'),
('57','85','3','2007-07-25 13:19:05','1982-06-17 20:48:31','1974-04-15 18:15:07','1997-01-14 08:51:52'),
('62','67','3','2002-03-31 17:45:57','1971-01-04 21:38:15','2003-12-17 10:40:18','2003-03-13 04:20:33'),
('63','12','2','2007-09-14 02:05:24','2014-10-09 09:50:14','2011-03-28 08:56:50','2003-08-25 12:16:47'),
('63','63','3','1985-11-02 21:53:57','1991-12-27 03:05:31','1994-01-31 17:34:26','1982-10-23 03:15:37'),
('65','20','2','2020-03-08 06:08:21','1984-03-29 05:26:48','1977-04-18 09:29:47','1989-05-09 12:23:14'),
('65','75','3','1990-08-20 02:52:05','2002-12-15 23:56:11','1974-01-26 22:03:34','2019-03-11 02:51:37'),
('65','92','2','1982-11-18 10:16:03','1990-01-08 03:27:19','1990-10-04 12:37:52','1983-07-14 04:50:26'),
('66','22','2','1977-11-21 17:06:16','1996-04-12 08:07:04','1975-11-28 23:55:34','1994-04-09 07:37:03'),
('66','84','3','1974-08-08 19:39:08','1981-06-10 06:55:59','2012-12-05 00:23:05','2017-03-26 03:12:21'),
('67','14','3','2003-12-01 02:39:24','1982-07-21 04:02:16','1976-02-03 06:23:51','2010-04-17 10:59:38'),
('67','25','3','2011-09-30 23:43:34','1972-01-29 08:30:23','2008-07-11 03:55:19','1973-06-22 00:15:40'),
('68','56','1','1997-10-09 06:11:29','1998-04-29 21:48:29','1973-06-11 03:51:40','1972-03-06 05:02:31'),
('70','32','1','2009-08-31 23:57:09','2015-07-25 06:54:51','2008-08-26 06:25:00','1976-03-30 19:04:07'),
('70','94','2','1985-05-19 16:49:02','1994-03-01 12:45:22','1991-03-13 01:01:17','1988-07-10 07:14:16'),
('71','67','2','2015-05-25 16:41:14','1986-11-26 20:38:21','2000-09-07 17:36:23','1987-01-16 22:34:57'),
('72','56','2','2013-07-21 06:52:10','1984-08-05 13:35:38','1991-08-15 03:13:52','1994-04-08 20:38:36'),
('72','95','3','2018-07-26 19:32:22','2014-11-03 19:03:15','1984-10-06 18:20:44','2001-05-19 17:44:35'),
('74','22','3','2019-05-12 15:59:38','2000-02-04 18:15:35','1984-09-02 19:30:06','1983-01-19 19:32:07'),
('75','57','1','2013-01-16 07:16:20','2003-02-12 07:24:52','1979-01-17 08:11:52','2005-09-16 09:33:12'),
('76','55','2','2010-05-09 01:21:12','2007-03-15 12:17:44','1982-05-25 00:03:21','1998-11-06 11:31:11'),
('77','26','1','1981-07-26 09:33:08','1986-10-21 18:04:51','1979-12-22 04:25:21','1975-11-07 21:10:14'),
('77','92','2','2015-05-09 14:51:20','2008-10-01 02:13:03','1971-08-16 23:10:37','1988-11-18 09:33:17'),
('78','13','1','2009-01-18 22:43:29','1979-02-13 10:15:38','2011-04-18 10:51:26','1997-01-02 13:33:11'),
('78','24','2','1987-06-17 00:34:14','1995-08-27 23:07:47','2006-06-26 19:56:15','1987-01-31 15:44:58'),
('78','64','2','1998-10-20 07:38:59','2005-08-22 22:36:59','1972-07-27 05:52:55','1986-05-13 10:39:25'),
('79','14','1','2001-11-01 17:35:25','1976-09-12 03:57:35','1970-05-25 14:17:22','1997-10-11 09:31:00'),
('79','46','3','2002-03-15 16:37:04','1998-08-05 07:31:17','1977-12-06 19:25:29','2018-06-03 07:23:48'),
('80','11','2','1997-05-27 07:16:46','2001-06-14 18:55:33','1974-04-07 08:18:39','1982-01-25 08:17:28'),
('80','23','3','1989-06-22 17:09:32','1982-05-21 13:50:29','1979-11-26 23:45:38','1987-12-11 03:54:45'),
('80','49','3','2001-06-18 21:54:51','1995-03-16 07:19:22','1995-03-18 13:55:42','2014-01-28 16:09:35'),
('82','6','1','2013-09-20 15:20:04','1997-10-15 11:19:45','1973-07-27 07:12:41','1984-08-16 05:56:09'),
('82','21','1','1991-02-03 02:03:46','1974-04-23 02:37:31','1987-03-05 23:32:19','1990-06-16 01:47:13'),
('83','41','3','1979-01-01 21:29:56','2004-04-18 07:33:49','2008-10-07 23:44:34','1983-06-11 22:29:52'),
('87','62','2','1970-03-10 17:33:32','1977-10-01 12:04:46','2002-12-07 10:28:26','1998-11-28 02:13:41'),
('89','12','3','1987-02-02 14:30:42','1972-10-31 20:24:07','1976-11-30 19:33:14','1971-03-21 08:17:54'),
('91','79','1','1979-04-02 19:52:24','1987-03-07 02:35:27','1971-01-27 21:56:18','1971-12-29 19:43:25'),
('92','16','2','2017-09-24 19:19:39','2006-01-09 15:00:46','2003-11-18 02:09:18','1996-04-01 01:51:21'),
('92','22','3','1996-02-26 11:11:24','1988-04-27 05:06:59','1984-06-04 21:38:58','1976-03-13 18:05:39'),
('93','14','2','1975-04-22 01:30:05','1995-05-10 10:19:38','1985-04-08 21:11:56','1982-04-22 05:03:25'),
('93','72','1','2015-06-18 23:39:43','1993-01-18 21:18:42','2018-03-17 15:29:42','2012-12-12 13:25:22'),
('93','91','1','1987-01-11 02:57:53','2007-08-26 15:19:03','2000-06-30 09:26:10','1986-12-31 20:34:13'),
('94','7','1','1995-01-28 00:21:41','1976-03-21 09:10:34','1990-04-26 02:25:06','2017-01-11 19:54:37'),
('94','53','1','2009-12-21 08:40:49','1978-06-10 19:22:49','1999-11-03 14:15:11','1996-02-23 00:59:01'),
('95','46','2','1996-09-16 00:43:17','1984-07-01 14:02:37','1994-10-24 02:29:15','1993-05-09 04:41:15'),
('96','77','3','2006-03-13 23:35:59','2000-06-18 01:40:04','2009-02-27 20:50:02','1996-05-17 15:38:50'),
('96','91','1','2013-08-12 09:56:42','1976-06-02 00:06:06','2007-06-22 02:46:24','2019-10-10 20:11:43'),
('97','68','2','2011-11-15 01:32:54','2009-12-11 00:21:37','2000-12-12 09:25:41','1994-03-30 05:31:43'),
('98','21','1','1984-10-11 23:24:28','2019-07-04 11:20:59','2004-10-15 18:04:32','2008-03-13 14:09:04'),
('99','17','1','2017-10-10 05:45:16','1994-03-17 07:54:21','1993-05-24 21:45:13','1987-12-31 06:46:41'),
('99','61','2','2017-11-13 16:25:56','1999-07-11 12:22:03','2011-09-29 09:14:30','2013-10-10 01:33:22'),
('100','79','1','2003-12-02 00:47:16','2000-04-05 22:49:11','1973-03-22 21:28:58','1973-06-08 04:11:23'); 


DROP TABLE IF EXISTS `friendship_statuses`;
CREATE TABLE `friendship_statuses` (
  `id` int(10) unsigned NOT NULL AUTO_INCREMENT COMMENT 'Идентификатор строки',
  `name` varchar(150) COLLATE utf8_unicode_ci NOT NULL COMMENT 'Название статуса',
  `created_at` datetime DEFAULT current_timestamp() COMMENT 'Время создания строки',
  `updated_at` datetime DEFAULT current_timestamp() ON UPDATE current_timestamp() COMMENT 'Время обновления строки',
  PRIMARY KEY (`id`),
  UNIQUE KEY `name` (`name`)
) ENGINE=InnoDB AUTO_INCREMENT=4 DEFAULT CHARSET=utf8 COLLATE=utf8_unicode_ci COMMENT='Статусы дружбы';

INSERT INTO `friendship_statuses` VALUES ('1','sequi','1997-05-08 17:20:47','2020-02-05 03:51:54'),
('2','libero','1984-09-02 00:57:31','2017-10-05 23:24:42'),
('3','quasi','2010-04-19 02:19:45','2018-02-20 20:12:23'); 


DROP TABLE IF EXISTS `media`;
CREATE TABLE `media` (
  `id` int(10) unsigned NOT NULL AUTO_INCREMENT COMMENT 'Идентификатор строки',
  `user_id` int(10) unsigned NOT NULL COMMENT 'Ссылка на пользователя, который загрузил файл',
  `filename` varchar(255) COLLATE utf8_unicode_ci NOT NULL COMMENT 'Путь к файлу',
  `size` int(11) NOT NULL COMMENT 'Размер файла',
  `metadata` longtext CHARACTER SET utf8mb4 COLLATE utf8mb4_bin DEFAULT NULL COMMENT 'Метаданные файла' CHECK (json_valid(`metadata`)),
  `media_type_id` int(10) unsigned NOT NULL COMMENT 'Ссылка на тип контента',
  `created_at` datetime DEFAULT current_timestamp() COMMENT 'Время создания строки',
  `updated_at` datetime DEFAULT current_timestamp() ON UPDATE current_timestamp() COMMENT 'Время обновления строки',
  PRIMARY KEY (`id`),
  KEY `FK_media_media_types_id` (`media_type_id`),
  KEY `FK_media_users_id` (`user_id`),
  CONSTRAINT `FK_media_media_types_id` FOREIGN KEY (`media_type_id`) REFERENCES `media_types` (`id`),
  CONSTRAINT `FK_media_users_id` FOREIGN KEY (`user_id`) REFERENCES `users` (`id`)
) ENGINE=InnoDB AUTO_INCREMENT=101 DEFAULT CHARSET=utf8 COLLATE=utf8_unicode_ci COMMENT='Медиафайлы';

INSERT INTO `media` VALUES ('1','6','quo','7',NULL,'1','2006-02-16 11:35:57','2017-06-14 12:01:22'),
('2','35','et','916959575',NULL,'2','1972-10-23 04:28:37','1988-01-07 20:18:15'),
('3','9','aut','1',NULL,'5','1987-05-14 01:00:38','1975-08-04 06:00:37'),
('4','18','sit','938703191',NULL,'4','1976-08-04 01:30:49','1971-08-19 02:10:06'),
('5','65','sed','82367',NULL,'3','2018-05-08 09:58:50','2017-05-19 08:08:29'),
('6','31','sed','16',NULL,'3','1998-09-12 23:47:12','1992-11-13 18:25:16'),
('7','21','laboriosam','78',NULL,'2','2000-03-03 10:40:31','1976-10-29 22:44:46'),
('8','7','aspernatur','277064',NULL,'4','2003-06-15 23:13:18','2020-07-04 19:26:41'),
('9','96','numquam','64211',NULL,'1','1994-06-02 21:59:37','2006-06-28 21:15:09'),
('10','92','adipisci','2483592',NULL,'4','2019-04-01 09:32:06','2011-09-27 06:24:56'),
('11','17','officia','702',NULL,'3','2019-08-15 20:41:38','1989-01-17 07:49:34'),
('12','10','numquam','4713012',NULL,'5','2017-07-11 12:56:21','2003-08-03 18:15:55'),
('13','90','est','6',NULL,'2','2005-12-08 05:24:39','2013-11-30 11:05:10'),
('14','34','autem','207492190',NULL,'1','1994-06-06 12:56:24','1989-07-20 02:36:48'),
('15','36','sunt','96018',NULL,'1','1982-01-23 08:56:54','1994-03-30 18:04:06'),
('16','75','corporis','0',NULL,'3','2007-09-08 07:13:45','2016-02-12 10:34:36'),
('17','13','minima','0',NULL,'1','2014-04-09 08:53:17','1998-04-26 22:13:18'),
('18','75','repellendus','89',NULL,'2','2012-12-27 21:35:57','1998-09-19 20:13:22'),
('19','100','quae','776',NULL,'5','1996-01-06 13:25:35','1995-07-18 13:38:49'),
('20','90','ut','970',NULL,'4','1999-10-02 21:28:42','2003-01-21 14:37:40'),
('21','37','nihil','56432',NULL,'1','1993-08-04 17:32:23','1988-08-29 14:02:11'),
('22','14','eos','3582223',NULL,'3','1990-02-16 12:19:48','1973-10-03 13:19:39'),
('23','45','tempora','5841247',NULL,'1','2002-11-20 06:11:47','1972-10-10 09:06:44'),
('24','21','a','6896069',NULL,'2','1973-12-31 10:48:23','2009-05-19 16:12:29'),
('25','27','enim','688006',NULL,'1','1987-12-12 02:00:04','1972-03-11 03:34:24'),
('26','2','velit','0',NULL,'3','2009-06-09 22:45:19','2005-08-15 18:13:39'),
('27','62','debitis','576430466',NULL,'1','1996-01-26 21:51:02','2013-05-02 05:59:53'),
('28','26','aut','769273',NULL,'3','2006-01-31 11:00:01','2009-09-09 18:27:53'),
('29','39','et','687207',NULL,'3','1970-02-13 05:26:43','1994-02-15 22:56:21'),
('30','55','molestiae','690',NULL,'4','1999-10-15 07:53:14','2009-09-19 06:43:44'),
('31','66','est','2620249',NULL,'2','1988-11-29 17:55:48','1993-12-23 02:35:57'),
('32','16','dolores','4494257',NULL,'4','1979-04-04 22:32:39','1986-03-26 07:18:33'),
('33','40','qui','6',NULL,'5','1983-11-19 18:08:56','2001-08-07 21:48:53'),
('34','99','perferendis','9',NULL,'2','1984-05-16 00:32:50','2017-08-16 00:34:49'),
('35','82','error','0',NULL,'5','2016-11-20 15:17:47','1971-05-12 03:09:55'),
('36','2','sit','2833',NULL,'1','1997-11-25 22:02:50','2018-07-23 02:40:49'),
('37','8','qui','946',NULL,'1','1971-07-10 06:33:29','1985-03-20 17:21:25'),
('38','75','adipisci','0',NULL,'3','1999-07-31 16:20:58','1970-12-14 18:01:48'),
('39','35','provident','838',NULL,'5','1997-04-14 07:47:38','1975-03-02 05:13:50'),
('40','92','quod','423',NULL,'4','1980-02-08 04:06:50','1979-12-03 15:40:51'),
('41','7','est','81426',NULL,'5','1976-05-08 18:46:55','1977-10-19 06:46:35'),
('42','3','maxime','23766',NULL,'4','1977-01-01 14:02:07','2017-01-10 10:08:21'),
('43','4','asperiores','6404',NULL,'2','2015-03-25 10:39:58','2002-05-20 08:52:43'),
('44','21','ea','268',NULL,'3','1993-03-24 00:09:13','1977-04-03 17:22:04'),
('45','88','quos','2438',NULL,'4','2000-12-16 03:11:03','1985-07-16 16:55:20'),
('46','18','error','6',NULL,'3','1979-01-28 23:55:57','1981-01-26 07:23:53'),
('47','5','assumenda','7571485',NULL,'2','1989-09-19 03:22:27','1988-01-27 03:26:17'),
('48','31','sed','92064',NULL,'3','2012-07-22 08:04:38','2018-03-23 03:56:59'),
('49','23','illum','5956',NULL,'2','1977-03-28 11:04:36','1994-07-02 16:13:29'),
('50','82','molestiae','2675256',NULL,'1','2006-01-29 18:00:03','1982-07-27 06:16:50'),
('51','17','sunt','13',NULL,'5','2002-11-13 03:19:40','1984-01-11 13:55:54'),
('52','22','nam','893273564',NULL,'2','2009-08-20 01:25:58','1977-09-11 11:44:56'),
('53','99','sunt','901',NULL,'5','2000-01-03 05:42:49','1977-10-31 15:22:43'),
('54','77','rerum','75646',NULL,'2','2018-08-29 07:55:21','1970-12-27 18:52:37'),
('55','91','voluptate','244716614',NULL,'4','1980-03-06 08:53:08','2015-03-30 14:53:13'),
('56','95','et','4',NULL,'5','1987-09-06 19:43:46','1998-12-04 09:26:36'),
('57','61','voluptas','647',NULL,'5','1986-05-30 06:55:13','1993-05-12 08:48:55'),
('58','67','perspiciatis','1667',NULL,'4','1989-03-19 01:19:48','1998-12-01 18:54:42'),
('59','26','velit','2519785',NULL,'5','2009-04-17 01:17:05','2008-11-17 09:51:20'),
('60','8','iste','17',NULL,'1','2017-09-01 21:31:15','2008-12-16 10:39:36'),
('61','62','corrupti','5',NULL,'2','1993-03-19 06:09:50','1974-12-19 09:03:16'),
('62','66','qui','1664505',NULL,'4','1971-12-04 22:19:47','1987-02-06 16:30:21'),
('63','57','omnis','8283108',NULL,'5','2003-02-14 15:29:11','1993-01-07 04:53:20'),
('64','10','voluptas','0',NULL,'4','2002-10-09 09:24:58','1974-11-10 15:53:38'),
('65','25','aspernatur','293',NULL,'5','1999-12-12 16:00:32','1997-03-31 04:18:31'),
('66','83','corporis','65984',NULL,'3','1984-04-07 00:34:10','2012-09-20 12:40:51'),
('67','75','culpa','59',NULL,'1','2003-10-09 06:44:19','1975-09-04 18:47:04'),
('68','66','vel','900094',NULL,'4','2000-02-29 14:15:46','1997-01-07 23:33:23'),
('69','100','aliquid','52',NULL,'3','2010-02-11 19:42:35','1971-02-12 12:25:41'),
('70','8','sed','0',NULL,'5','2016-05-17 14:59:30','2015-10-07 18:56:52'),
('71','10','et','8041996',NULL,'1','2018-03-31 18:16:27','1979-08-01 14:54:06'),
('72','89','quia','546591',NULL,'4','2013-08-11 08:11:35','2016-10-02 15:45:45'),
('73','99','officiis','41',NULL,'3','1998-03-16 08:57:40','1979-06-17 03:51:12'),
('74','36','repudiandae','7794934',NULL,'2','1992-04-09 20:23:26','2007-07-25 05:21:36'),
('75','41','accusantium','532604',NULL,'3','2001-07-01 09:10:12','2001-02-13 01:44:30'),
('76','38','et','0',NULL,'1','1990-08-26 11:29:56','2006-04-17 11:19:20'),
('77','67','animi','314',NULL,'1','1996-04-10 16:10:16','1976-09-11 16:05:17'),
('78','67','nihil','31',NULL,'2','1988-01-24 17:34:20','1995-08-06 15:00:52'),
('79','99','aliquid','19',NULL,'4','2002-02-18 11:29:53','1981-04-06 10:19:08'),
('80','3','corrupti','6340742',NULL,'2','2013-05-14 13:32:54','1976-01-23 14:19:11'),
('81','67','ea','9771191',NULL,'5','2004-02-09 06:41:05','2010-11-04 00:14:44'),
('82','66','mollitia','43630980',NULL,'3','1970-02-09 08:20:53','1986-01-22 22:50:24'),
('83','89','autem','31355',NULL,'2','1991-05-26 15:40:52','1987-06-19 19:30:08'),
('84','15','dolor','332030',NULL,'5','2005-10-14 12:51:19','2009-03-13 03:20:37'),
('85','73','accusantium','0',NULL,'2','1994-07-04 06:30:12','1981-12-26 03:31:54'),
('86','80','laboriosam','6',NULL,'5','1985-06-10 07:48:20','1975-08-04 15:11:35'),
('87','24','totam','51235685',NULL,'4','2016-01-29 01:23:49','1998-03-25 12:01:54'),
('88','53','temporibus','2022615',NULL,'2','1987-10-25 06:59:00','1993-06-13 20:50:45'),
('89','22','qui','34347560',NULL,'5','1982-06-25 22:26:01','1985-08-01 06:09:58'),
('90','48','vel','6',NULL,'4','2006-07-10 16:48:32','1980-02-14 12:28:22'),
('91','31','necessitatibus','132',NULL,'5','1998-02-24 06:42:38','2000-06-03 15:46:19'),
('92','64','enim','6',NULL,'5','1984-10-08 21:08:14','1993-06-28 00:47:02'),
('93','88','ea','0',NULL,'2','1976-10-27 07:08:53','2015-07-09 07:36:02'),
('94','21','reiciendis','739403357',NULL,'5','1981-06-30 13:14:53','1991-07-17 09:23:55'),
('95','7','exercitationem','2400',NULL,'2','2005-01-29 19:36:44','1984-11-04 16:39:49'),
('96','10','dicta','84831',NULL,'4','1970-07-06 18:22:34','1988-08-03 23:39:37'),
('97','8','fugit','9980774',NULL,'4','1987-05-20 09:47:34','1972-03-16 22:03:08'),
('98','15','non','823931097',NULL,'5','1998-08-04 03:27:38','1981-12-01 20:36:52'),
('99','5','esse','406793',NULL,'2','1992-04-11 14:38:09','1985-11-02 18:27:13'),
('100','85','similique','509535501',NULL,'4','1993-05-23 18:59:06','1970-10-25 22:26:42'); 


DROP TABLE IF EXISTS `media_types`;
CREATE TABLE `media_types` (
  `id` int(10) unsigned NOT NULL AUTO_INCREMENT COMMENT 'Идентификатор строки',
  `name` varchar(255) COLLATE utf8_unicode_ci NOT NULL COMMENT 'Название типа',
  `created_at` datetime DEFAULT current_timestamp() COMMENT 'Время создания строки',
  `updated_at` datetime DEFAULT current_timestamp() ON UPDATE current_timestamp() COMMENT 'Время обновления строки',
  PRIMARY KEY (`id`),
  UNIQUE KEY `name` (`name`)
) ENGINE=InnoDB AUTO_INCREMENT=6 DEFAULT CHARSET=utf8 COLLATE=utf8_unicode_ci COMMENT='Типы медиафайлов';

INSERT INTO `media_types` VALUES ('1','non','1988-04-06 19:52:10','1975-05-27 21:37:47'),
('2','voluptatem','1984-12-21 18:04:20','1985-05-22 15:27:45'),
('3','quis','1976-11-06 00:19:33','2013-06-13 01:49:14'),
('4','odio','1979-08-15 02:16:56','1996-09-11 10:33:40'),
('5','est','1986-11-22 13:27:53','1978-05-05 17:51:22'); 


DROP TABLE IF EXISTS `messages`;
CREATE TABLE `messages` (
  `id` int(10) unsigned NOT NULL AUTO_INCREMENT COMMENT 'Идентификатор строки',
  `from_user_id` int(10) unsigned NOT NULL COMMENT 'Ссылка на отправителя сообщения',
  `to_user_id` int(10) unsigned NOT NULL COMMENT 'Ссылка на получателя сообщения',
  `body` text COLLATE utf8_unicode_ci NOT NULL COMMENT 'Текст сообщения',
  `is_important` tinyint(4) DEFAULT NULL COMMENT 'Признак важности',
  `is_delivered` tinyint(4) DEFAULT NULL COMMENT 'Признак доставки',
  `created_at` datetime DEFAULT current_timestamp() COMMENT 'Время создания строки',
  `updated_at` datetime DEFAULT current_timestamp() ON UPDATE current_timestamp() COMMENT 'Время обновления строки',
  PRIMARY KEY (`id`),
  KEY `FK_messages_to_users_id` (`to_user_id`),
  KEY `FK_messages_users_id` (`from_user_id`),
  CONSTRAINT `FK_messages_to_users_id` FOREIGN KEY (`to_user_id`) REFERENCES `users` (`id`),
  CONSTRAINT `FK_messages_users_id` FOREIGN KEY (`from_user_id`) REFERENCES `users` (`id`)
) ENGINE=InnoDB AUTO_INCREMENT=101 DEFAULT CHARSET=utf8 COLLATE=utf8_unicode_ci COMMENT='Сообщения';

INSERT INTO `messages` VALUES ('1','8','62','Dignissimos similique mollitia autem consequatur. Optio eligendi fugiat suscipit. Neque optio libero voluptatem et sint.','0','1','2015-09-02 11:48:13','2005-01-30 09:19:41'),
('2','36','19','Itaque vel necessitatibus ratione nemo quia. Labore sapiente nihil est nulla excepturi hic. In eos similique consequatur aspernatur voluptatem dolorem.','0','1','1974-04-10 19:53:11','1986-06-16 17:57:39'),
('3','35','66','Alias laborum itaque distinctio eligendi porro commodi. Aliquam nemo qui assumenda officia mollitia. Eius non accusamus atque architecto optio natus. Enim nam ab accusantium hic omnis adipisci nobis.','1','0','1987-01-02 19:24:18','1986-02-01 18:27:24'),
('4','58','32','Explicabo sed eaque sit rerum est. Doloremque enim eos deserunt. Cum officia sequi nihil assumenda. Totam voluptas modi ut fuga.','1','0','2004-10-03 22:32:51','1990-01-19 21:26:51'),
('5','7','16','Non enim nam quo dolores veritatis facilis sit. Repudiandae ipsam aliquam sequi enim ut. Rerum recusandae praesentium libero sunt voluptatum ea modi.','1','0','1996-06-17 01:20:30','2011-10-23 22:22:47'),
('6','62','30','Rem consequatur qui necessitatibus. Voluptatum et at iure. Libero quia perspiciatis optio et.','1','1','2005-10-22 21:20:37','1988-11-18 11:23:49'),
('7','53','13','Nulla assumenda nihil quas quia iusto aut similique. Eos expedita dolorem excepturi. Cum ea minima placeat est facere minima. Dolorem magnam nulla minus.','0','0','1974-03-06 16:46:58','2013-11-07 09:04:51'),
('8','81','34','Blanditiis in eos soluta alias ea corporis nulla. Autem suscipit et necessitatibus dolores fugiat natus at.','0','0','2000-03-04 12:59:09','1994-04-22 15:58:15'),
('9','71','97','Voluptatum inventore exercitationem natus laborum. Natus dolores ipsa velit eius occaecati autem non. In necessitatibus laboriosam velit ex eligendi facilis quis dignissimos.','0','1','1996-01-06 00:22:32','1991-06-29 04:34:31'),
('10','93','71','At vel nam eum. Accusantium est iusto repellendus illum provident corporis voluptas nulla. Tenetur et sint ducimus quis dicta similique qui.','0','0','1995-08-08 15:30:18','1985-05-30 05:05:08'),
('11','52','58','Sequi est magni ex modi. Dolor odio nisi ullam sint ullam dolores qui. Dolorem vel suscipit vel sint totam voluptatem. Facere atque necessitatibus reiciendis ratione facere nemo.','1','0','1978-10-20 05:08:32','2009-05-31 19:44:35'),
('12','14','30','Autem quia doloremque nisi tempore rem quos quaerat. Tempora quo et rerum et. Eaque omnis voluptas illo. Quia incidunt temporibus omnis voluptatum qui praesentium cumque.','1','0','2011-04-28 00:03:45','2015-05-04 11:31:30'),
('13','20','65','Et repellendus quos consequatur quisquam. Odio rerum voluptatem eos. Sit vel enim consequatur aut omnis molestiae consequatur odio. Nulla natus cum cum pariatur. Qui repellendus sequi at labore et quaerat odio est.','1','1','1993-07-22 23:19:43','1973-01-17 21:51:04'),
('14','92','21','Dolorem nihil aut vero. Nam qui voluptates fugiat voluptatem possimus eum fuga. Non soluta rem omnis id corrupti perferendis et.','1','1','1985-09-21 18:17:17','2005-07-14 00:12:46'),
('15','88','69','Ut esse explicabo ipsum maxime debitis. Maxime laboriosam nemo aut rerum consequatur. Laudantium quisquam sequi assumenda quaerat sint.','1','0','1989-04-04 07:38:44','2008-11-20 04:55:39'),
('16','12','95','Voluptatibus fugit laudantium fugit tempore natus autem. Similique voluptatem ut eum sit aut quisquam est. Veritatis voluptatem rem quos atque accusamus nostrum aliquam. Omnis quis est cum id.','0','0','1982-12-15 15:19:24','2001-09-10 15:53:21'),
('17','31','47','Et nisi est est adipisci. Deserunt vel est in corrupti eaque deserunt. Eum quam inventore nesciunt sunt vitae esse.','1','0','1996-10-15 23:59:59','1974-06-13 13:16:50'),
('18','14','65','Exercitationem qui voluptatem veritatis sit blanditiis illo hic ut. Dolore facilis necessitatibus quam harum quo assumenda. Et temporibus voluptas aut dolorum ipsum perspiciatis. Consequatur est id distinctio cum repellendus consequatur. Et ex ut exercitationem quidem perspiciatis enim quia.','1','1','2005-04-05 17:51:38','1997-05-18 19:08:51'),
('19','13','72','Facere voluptatem omnis omnis quos. Sed ipsa a occaecati minima alias et. Nihil quo pariatur non quis optio similique placeat. Quia aut eum occaecati maiores. Quod perspiciatis dicta quae voluptates.','0','0','1984-07-04 08:52:32','2002-06-11 11:05:18'),
('20','97','19','Numquam ad magni blanditiis delectus impedit. Et id aut commodi quae optio possimus non aliquid. Error ipsa cum quia natus sapiente.','1','1','1998-11-28 07:46:01','1977-01-23 00:10:44'),
('21','88','59','Veritatis quis minima quasi vel non aperiam sit. Itaque sit omnis veritatis quas. Quia cumque aut sit quia vero minima. Dolor consectetur molestias dolorum delectus animi.','0','1','1999-05-11 05:22:38','2003-02-06 15:47:06'),
('22','48','40','Qui sed doloremque doloremque et. At delectus architecto aut ab a excepturi corrupti explicabo. Vitae tenetur voluptatem iste necessitatibus. Sit non eveniet iure facilis quia.','1','0','1996-02-29 23:35:37','1999-06-30 06:26:36'),
('23','71','29','Nobis perferendis impedit a culpa error repellat. Ab sint consequatur quo qui voluptatem et non. Consequatur sunt ea quidem qui est veniam.','1','1','1976-01-22 13:27:25','2007-10-04 20:44:19'),
('24','73','42','Similique et totam quaerat quaerat et quis. In eveniet provident non voluptatem accusamus et suscipit. Ipsum doloremque delectus doloribus sunt voluptas. At ut eos facere exercitationem dicta minus temporibus fugit.','1','1','1991-04-13 14:09:28','1975-04-17 02:26:09'),
('25','25','66','Voluptate iure ratione inventore. Eos at rerum rerum tempore hic. Et et veritatis eligendi aut laborum. Odit laborum reiciendis doloribus ea quis.','1','0','2012-10-16 00:23:50','1981-11-04 18:11:44'),
('26','13','76','Ipsa eos nostrum odit eligendi aut accusantium. Labore et earum eligendi ut. Voluptates nihil consequatur dolor officia.','0','0','1975-02-14 17:05:37','1971-04-06 08:34:58'),
('27','24','26','Quia deserunt consequatur dolorum corrupti nemo qui qui. Facere eveniet facere magni quibusdam est vel. Corrupti consequatur necessitatibus quae vero adipisci rem ex omnis.','1','0','2013-10-28 00:19:25','2011-03-15 12:05:14'),
('28','5','44','Officia corrupti harum omnis. Explicabo cupiditate ipsam sed sed dolorem repellendus. Recusandae et possimus exercitationem velit placeat. Officia assumenda ducimus earum qui fuga aut.','1','0','2006-07-23 15:29:38','1986-02-06 05:03:38'),
('29','91','97','Cum eveniet provident accusantium dolor et labore excepturi suscipit. Consequatur quo consequuntur dolorem reiciendis sit sit blanditiis. Odio modi dolores dolores voluptatem. Et consequatur earum et ut id voluptatem vel.','1','1','1996-09-21 05:13:58','1994-04-18 22:12:21'),
('30','64','78','Similique sunt perferendis in totam. Nisi molestias quisquam et non sapiente deleniti fugit. Deleniti ea quam veniam aut praesentium voluptas molestiae. Et dolorum occaecati rem.','1','0','1987-07-31 23:47:41','2000-11-01 05:45:06'),
('31','66','76','Ipsa eum ratione ut. Laborum vel et perspiciatis ex laborum autem iusto. Molestiae blanditiis unde quis voluptas iste neque. Modi harum neque maxime et corrupti natus.','1','0','1991-08-04 08:49:54','1995-06-30 08:17:01'),
('32','73','96','Non harum veniam libero et unde hic. Perferendis voluptas sunt corporis aut ut aperiam dolor ut. Natus eos ea occaecati eius beatae.','0','0','1976-12-28 03:44:05','1994-04-22 13:51:54'),
('33','22','86','Sit consequatur sit facere perferendis libero deleniti. Accusamus possimus est in necessitatibus aliquid assumenda. Dignissimos aliquid autem libero. Fugit voluptas architecto tempore.','1','1','1993-07-04 20:58:27','2019-10-07 03:38:08'),
('34','61','34','Excepturi pariatur recusandae repudiandae rerum dicta fugit. Officia aliquid est consequatur enim quidem cumque labore ullam. Dolor beatae dolorem sint ut quaerat fuga eos.','0','0','1972-03-24 12:49:26','2005-06-10 06:31:48'),
('35','57','58','Quos occaecati est expedita et cupiditate ut. Omnis aut qui aliquam modi in. Explicabo laborum impedit voluptas fugiat ipsam quis modi.','1','1','1996-09-27 03:55:19','1999-11-02 02:12:44'),
('36','53','44','Mollitia velit aut rem optio itaque eius commodi. In rerum aut corporis quasi quis. Dolor aspernatur inventore ab non dolor doloribus nesciunt. Adipisci non id modi et quasi.','0','1','1973-09-19 18:43:54','1998-04-06 08:07:57'),
('37','16','100','Nobis aut voluptas doloribus quia sit. Saepe non quibusdam aliquam impedit laboriosam. Ipsum quae officia dolores vel repellat sit.','0','1','1993-12-09 01:36:58','1998-12-13 02:40:54'),
('38','84','86','Omnis qui delectus esse at aliquid ut. Iste vel aspernatur quae suscipit. Sunt accusamus dignissimos eligendi sint consequatur necessitatibus tempora. Natus quas ut illum omnis pariatur libero. Vel autem tempore unde accusantium.','0','0','2013-03-03 02:28:36','2006-04-17 05:21:26'),
('39','29','57','Quis fuga nostrum et dicta rerum rem. Rerum fuga commodi incidunt ex. Voluptatem voluptatum sed voluptas qui natus dolorum. Quisquam ut odit dolorum laboriosam aut ipsam.','0','1','2001-05-09 16:45:12','1980-09-26 09:19:48'),
('40','28','53','Esse ab et doloribus. Iusto quia ut voluptas dolor ipsum at quia. Laborum totam consequatur doloribus illum repellat maxime cumque natus. Reiciendis quo magni unde et.','1','0','1982-09-11 16:09:02','1987-01-31 19:56:51'),
('41','22','40','Voluptatum eveniet illum veritatis asperiores alias aut est. Provident voluptatem odio magni sint et dolor voluptates. Architecto ipsam placeat aspernatur. Omnis vel est aperiam cum sit.','1','1','1972-08-16 00:48:49','2005-09-11 20:58:16'),
('42','28','46','Veritatis voluptatem excepturi qui itaque veritatis vel. Unde porro perspiciatis totam incidunt et. Doloribus doloremque qui sed eveniet.','0','1','1982-12-06 03:02:53','1994-02-16 02:17:28'),
('43','65','33','Nostrum asperiores alias culpa eos tenetur fugit ut. Veritatis eligendi quae autem eos ut. Eveniet sapiente dolor quaerat voluptatum voluptas quisquam.','0','0','2005-10-26 02:04:44','1976-03-03 14:48:02'),
('44','89','56','Modi itaque quia quia ipsum. Illum occaecati fugiat ut veritatis. Tempore dicta quos ut maiores id distinctio optio voluptatem. Et accusamus beatae explicabo qui eos maiores.','0','1','1981-07-26 12:17:12','2018-09-24 12:59:26'),
('45','29','53','Voluptatem tempore ut illum deserunt vitae. Enim et et et optio beatae nulla ratione est. Atque ut aut consequuntur omnis consequatur non ut. Praesentium dolore fuga unde qui architecto quidem. Culpa consectetur ullam quia quidem.','1','0','1994-05-04 23:52:09','2016-11-13 06:23:54'),
('46','33','95','Nemo pariatur optio et est quia culpa. Perspiciatis voluptate ea ad consectetur vero debitis rerum cupiditate.','0','1','1995-12-20 16:50:14','1982-12-11 02:46:50'),
('47','28','6','Aliquid quidem maxime similique animi. Quis ipsam non voluptas dolorem. Commodi ut nesciunt sequi ipsa dolores praesentium. Excepturi ut sapiente necessitatibus porro nobis totam.','1','0','2015-08-27 04:40:14','2003-07-13 00:19:43'),
('48','91','49','Eos labore velit vel non quasi voluptas. Tempore ea occaecati odio voluptatem. Sit earum ut eos molestiae quis eius eveniet optio.','0','1','2008-05-05 13:38:44','1997-09-19 20:15:20'),
('49','91','52','Molestiae eum ut quia neque molestiae dolores. Quasi laborum nulla rerum placeat. Nihil id repellat cumque ipsam.','0','0','2005-10-08 02:24:16','1994-05-27 13:43:29'),
('50','83','48','Voluptas esse expedita sint sed. Nihil aut nesciunt id pariatur quas culpa. Nam cum illum voluptatem sed magnam qui aliquid id. Quia ut sit quibusdam nemo facere autem.','1','1','1994-01-22 17:41:01','2011-06-09 00:02:11'),
('51','9','36','Non earum reprehenderit et vel non vel. Ut laborum assumenda nisi ipsa aliquid eum.','0','0','2019-02-15 10:01:24','1973-12-28 00:19:31'),
('52','92','24','Quia mollitia explicabo tenetur et quo perspiciatis amet iste. Sit ratione quo quaerat ipsa beatae voluptas. Earum mollitia itaque voluptatem dignissimos et quis error.','1','1','2016-07-21 15:28:32','1983-04-23 17:06:20'),
('53','36','75','Porro deserunt dicta repellat. Modi dolore sit aut. Id minus deleniti cumque amet libero quas.','0','0','1983-01-05 09:07:17','1973-09-13 22:24:49'),
('54','10','64','Commodi rerum quia deleniti laborum. Hic dolor aut ratione consequatur. Et porro veniam doloremque aspernatur amet qui tenetur voluptas.','1','0','1973-07-31 08:44:55','2016-10-13 01:13:25'),
('55','31','37','Cupiditate eum quibusdam voluptas enim. Voluptates deserunt quisquam et ut. Et ut eos voluptatibus ducimus magni.','1','0','1993-04-08 13:04:38','2006-10-10 02:52:41'),
('56','16','53','Cum eos aut nam unde ullam. Ipsum id pariatur ut. Molestiae quo laudantium aliquid reiciendis quis quos qui. Quae et quaerat qui laboriosam sit perferendis.','0','1','2003-02-01 18:05:28','1976-09-11 14:52:53'),
('57','77','43','Eaque ipsam esse eius esse recusandae sapiente omnis qui. Nesciunt sunt est et quas est aut tempora. Est possimus asperiores tenetur neque.','1','1','1988-07-21 17:37:37','1997-11-07 16:42:34'),
('58','99','42','Consequuntur dicta id voluptatem quidem magnam molestiae. Nesciunt vitae quos dolores voluptate aut ut consequatur. Enim eligendi eligendi ipsa iste in sed officiis sint. Earum sunt non repudiandae omnis repellendus dignissimos fuga praesentium. Quas quasi ut omnis aut dolores est quidem.','1','0','1993-02-08 16:03:22','2013-09-23 23:45:07'),
('59','76','87','Dolores non aliquid sed sed magnam. Ut voluptas quis mollitia maxime illo eveniet incidunt. Et doloribus consequuntur libero aut facilis pariatur. Sit soluta quis accusamus possimus sit sed.','0','1','2017-07-11 12:34:41','1983-04-05 12:48:37'),
('60','97','5','Voluptas est sapiente quo quis sint laudantium. Accusamus non consequatur suscipit dolorem reprehenderit. Libero officiis deleniti sint aliquid laboriosam. Ullam ut ut ut voluptatem ea voluptatem quaerat.','0','1','1999-10-01 19:04:44','1988-04-07 23:31:28'),
('61','40','30','Consectetur rerum autem similique nihil aut nobis corrupti. Perspiciatis eos quis animi tenetur repudiandae consequatur porro. Voluptatibus consequuntur fugiat necessitatibus ab nihil numquam quis.','0','1','2000-10-18 01:00:25','2000-01-03 21:08:09'),
('62','99','67','Eveniet dolores corrupti nobis ratione animi ducimus. Animi quo omnis nostrum ratione corporis molestiae. Et ut possimus hic nostrum magnam fugit eum repellat. Commodi amet necessitatibus et nesciunt veritatis eum.','0','1','2019-08-20 23:12:35','1982-09-06 11:51:15'),
('63','35','89','Error ut quam aliquid corrupti et. Expedita aspernatur ut quasi dolor impedit. Dicta architecto est cumque illo quasi ipsam veniam. Asperiores qui et magnam.','0','1','2014-03-08 17:13:42','1980-02-10 03:03:40'),
('64','16','25','Et ut qui sapiente quod. Deserunt rem a id dolor asperiores quam quam. Autem suscipit doloribus in non autem ut et soluta. Aspernatur impedit omnis molestiae omnis.','0','0','1999-07-23 08:42:01','1971-10-04 13:05:24'),
('65','41','99','Laudantium itaque et quod. Quaerat et aut possimus nobis exercitationem dignissimos. Ullam sed labore magnam cumque veniam magni. Neque aut sed ut non. Praesentium rerum rem ut facilis.','0','1','2002-01-26 16:03:20','1970-03-29 07:10:39'),
('66','73','49','Temporibus beatae placeat fugit id sed. Sed similique aut quidem omnis amet aut. Reiciendis voluptatem voluptas et voluptatem velit.','0','1','1993-01-13 10:07:09','2016-08-17 05:47:58'),
('67','34','64','Fugiat consequatur saepe id incidunt sit molestias. Possimus omnis provident consequatur asperiores possimus consequatur suscipit natus. Impedit necessitatibus aliquid enim neque. A officia est sint aut excepturi.','0','1','1998-08-27 07:38:06','1972-03-26 21:42:48'),
('68','73','69','Eaque voluptatum adipisci eos earum molestiae. Nobis enim provident sequi et in labore est. Possimus sit qui aliquam molestias et rem enim.','0','1','1973-07-27 20:43:10','2004-11-02 15:03:28'),
('69','39','83','Incidunt culpa id et. Deleniti delectus velit vitae dolores dolorum. Ex molestiae non ut eveniet. Exercitationem odio dolorem exercitationem modi sapiente praesentium consequatur tenetur.','0','0','2009-10-07 17:46:37','2002-04-03 01:02:10'),
('70','32','70','Quia qui eum qui. Illum eum aut sit distinctio.','0','0','1988-05-11 05:45:52','1985-12-27 01:12:04'),
('71','19','47','Consequuntur est saepe aut est nemo quasi. Et rerum voluptatem nulla voluptatibus sed beatae aut alias. Animi facere voluptatem qui non. Provident a perferendis et. Quos voluptates quis illo et soluta consequatur dolores.','1','0','2019-07-04 18:02:32','1994-05-07 23:09:20'),
('72','22','96','Non commodi error fugiat sequi dolor. Qui debitis ab repellendus similique exercitationem. Recusandae nemo ut corporis ea deleniti voluptatem.','0','1','1994-02-15 03:18:18','2017-02-19 06:27:15'),
('73','90','20','Blanditiis totam ipsa sed aut itaque in eos. Dolorem voluptatem cumque non aspernatur eaque. Velit dolor doloremque expedita asperiores dolorem cum.','1','0','1975-01-13 13:05:34','1990-02-02 07:36:51'),
('74','37','66','Dolores quaerat ratione tempore. Ipsa libero saepe dolorem accusamus quis. Voluptas aut et reprehenderit reprehenderit consectetur voluptatem eum. Hic repudiandae quasi et quo dolor et.','0','0','1985-04-02 17:49:40','1993-02-02 09:15:55'),
('75','7','33','Est qui eum unde ipsum molestias doloremque consequatur. Et id distinctio rem sed fugiat sit veritatis. Saepe nihil ducimus eum quasi distinctio autem facilis. Consectetur veniam sequi quibusdam praesentium dolorem tempore.','0','0','2001-07-12 01:40:46','2016-03-09 04:20:18'),
('76','70','46','Dolor et laudantium tempore quos culpa aut iste. Officiis in beatae eos aut qui eaque assumenda. Culpa perspiciatis in enim. Aut velit aut nihil qui qui assumenda corrupti.','1','0','1971-06-06 12:56:47','1979-01-17 03:14:12'),
('77','62','69','Qui eveniet ut optio exercitationem quia cupiditate id. Sed nulla quaerat veritatis veritatis qui. Minus id repellendus ab et provident. Eius nisi modi mollitia illum quia officiis.','1','1','2001-10-13 11:59:28','2013-12-28 11:33:24'),
('78','13','97','A nihil voluptate quos. Aliquam molestiae eaque alias beatae voluptas eos et amet. Fuga assumenda dolorem saepe suscipit itaque itaque.','0','1','1970-01-31 01:16:01','1982-09-02 01:47:27'),
('79','58','28','Itaque perferendis odit est fugiat incidunt. Sapiente quibusdam natus iste modi. Facere tenetur est in modi ea veritatis. Iste reprehenderit animi sunt.','1','0','2002-09-13 03:02:33','1990-07-25 09:57:58'),
('80','22','98','Explicabo minima laborum eligendi dolores explicabo sed nisi. Aut aut totam mollitia. Soluta amet quia dignissimos.','0','1','1974-07-10 17:20:17','2001-10-11 09:12:05'),
('81','26','94','Placeat omnis dolor fugit enim aut. Porro facere illum consectetur vel iure iusto. Dolorem cupiditate deleniti aliquid omnis. Quisquam esse iste ea architecto quia tempore porro.','0','1','2016-08-30 21:48:32','1990-01-12 07:07:57'),
('82','47','59','Ut minima dignissimos assumenda. Laborum officia autem voluptatem consequatur aut. Iusto maxime quos labore porro possimus.','0','1','1970-03-27 09:38:42','2005-11-10 12:31:54'),
('83','58','19','Voluptas perferendis est ea ea numquam. Numquam earum magnam et error dolorem molestias. Ut maxime dolor nesciunt inventore. Autem quis id architecto repudiandae sit similique optio.','1','0','2018-05-19 20:53:55','1983-11-21 01:20:20'),
('84','27','96','Nulla illo consequatur beatae ipsa dolor in sint. Aspernatur libero numquam commodi deleniti. Magni necessitatibus provident quisquam dolorem.','1','1','1990-02-04 21:52:32','2012-07-06 08:50:05'),
('85','1','59','Ratione enim mollitia earum consequatur quo ut dolorum id. Natus possimus vitae fugit provident illo non. Consequatur aut et maiores.','1','0','2008-06-27 12:05:34','2002-06-29 07:34:54'),
('86','65','20','Id qui et dolorum itaque ipsa sit dolor. Est est est voluptatem. Asperiores placeat nobis laboriosam fugit vero praesentium. Corporis dolorem deleniti et ea ducimus est.','1','1','1976-08-22 21:20:16','1978-03-29 05:14:05'),
('87','6','87','Culpa consequuntur deleniti excepturi voluptas et est et. Quis omnis occaecati voluptatem debitis. Id sed dolore at similique.','0','1','1990-05-01 21:40:04','2014-12-15 05:12:48'),
('88','15','95','Est iusto dolores quos esse. Ratione amet saepe quia aliquam consequatur quia. Omnis libero corporis laborum quo doloremque natus.','0','0','2019-08-14 05:40:52','1984-02-18 15:39:44'),
('89','7','52','Eos porro aut sit id quis ex enim. Dolores qui commodi eaque consequatur qui. Dolores neque blanditiis nostrum incidunt. Voluptatem commodi repellendus accusamus enim.','1','1','2011-01-11 15:12:26','1981-12-24 10:49:22'),
('90','61','14','Sed eum magnam qui blanditiis sit dolorum. Temporibus ut harum iure magni velit qui velit. Nesciunt minima omnis nihil consequatur numquam eos aut.','1','1','1984-12-12 11:27:00','2001-09-12 19:25:06'),
('91','84','30','Quam eum recusandae in iure magni porro tempore quae. Et sit porro ducimus culpa. Deserunt dolor alias vero vel et natus sunt.','1','1','2009-03-30 11:28:04','1998-07-27 05:21:48'),
('92','60','46','Sunt modi iste eos quisquam perferendis et. Velit sit aut qui perferendis deleniti animi et. Voluptate dolores et voluptatem ea. Dolorem praesentium aliquid minima quia.','1','1','1977-08-16 00:47:31','2010-06-15 09:30:26'),
('93','99','72','Rem consequatur dignissimos aut et similique. Dolor aut magnam aut esse dolorem. Facilis commodi deleniti minima exercitationem.','0','0','2004-01-28 13:31:13','1974-01-27 04:15:29'),
('94','43','56','Sed natus quaerat et veniam rerum delectus. Nostrum eaque dolorem dolorem et. Delectus voluptas modi voluptatem laudantium earum. Magni odit aut aut odit non.','0','1','2012-01-31 18:01:41','1979-08-08 02:46:00'),
('95','99','64','Officia in omnis deleniti. Rerum odit et hic qui delectus. Iure sunt architecto incidunt magnam. Consequatur eum quo ducimus esse consequuntur. Fugit numquam facilis similique eum quibusdam aliquid.','0','1','1986-03-24 17:54:35','1989-02-14 19:56:15'),
('96','54','24','Sit qui et qui quae voluptas labore exercitationem officiis. Sit quia eius cumque maiores animi suscipit cum. Consequatur ea et dolorem consequatur.','1','1','1988-05-07 19:16:59','1976-12-11 12:42:44'),
('97','57','100','Qui facilis dolor dolorem et ut consequatur. Suscipit repudiandae officiis consequuntur praesentium dolores eius enim. Molestias et ea ipsa inventore id voluptas.','1','1','2009-10-07 18:55:54','1981-04-28 10:01:41'),
('98','83','14','Eaque est ut dignissimos quo ut itaque. Suscipit cumque porro est aut aperiam. Animi provident earum facilis exercitationem consequatur nesciunt. Vero ratione nisi tempore nobis alias.','1','1','2013-01-12 20:38:45','1998-03-03 13:40:39'),
('99','19','9','Quia ad architecto dolorem eos. Vel quis ea quo nam earum dolorum quia. At voluptatibus sunt illum fuga. Cum beatae quis accusantium nisi vitae quisquam.','1','1','1992-07-03 07:30:45','1998-02-09 06:11:40'),
('100','10','20','Quos mollitia amet nemo facere voluptatem repellat praesentium. Sit dicta nisi similique perspiciatis est. Veniam incidunt qui rem ipsum delectus id repellat.','1','1','1994-10-03 15:56:40','2018-06-04 09:22:16'); 


DROP TABLE IF EXISTS `profiles`;
CREATE TABLE `profiles` (
  `user_id` int(10) unsigned NOT NULL COMMENT 'Ссылка на пользователя',
  `gender` char(1) COLLATE utf8_unicode_ci NOT NULL COMMENT 'Пол',
  `birthday` date DEFAULT NULL COMMENT 'Дата рождения',
  `photo_id` int(10) unsigned DEFAULT NULL COMMENT 'Ссылка на основную фотографию пользователя',
  `city` varchar(130) COLLATE utf8_unicode_ci DEFAULT NULL COMMENT 'Город проживания',
  `country` varchar(130) COLLATE utf8_unicode_ci DEFAULT NULL COMMENT 'Страна проживания',
  `created_at` datetime DEFAULT current_timestamp() COMMENT 'Время создания строки',
  `updated_at` datetime DEFAULT current_timestamp() ON UPDATE current_timestamp() COMMENT 'Время обновления строки',
  PRIMARY KEY (`user_id`),
  CONSTRAINT `FK_profiles_users_id` FOREIGN KEY (`user_id`) REFERENCES `users` (`id`)
) ENGINE=InnoDB DEFAULT CHARSET=utf8 COLLATE=utf8_unicode_ci COMMENT='Профили';

INSERT INTO `profiles` VALUES ('1','','1972-04-12','320045','East Telly','Switzerland','1990-11-11 16:29:59','2007-09-18 01:38:28'),
('2','','1979-12-27','830911847','Sawaynfurt','Oman','1986-08-13 05:10:56','1973-06-01 00:40:00'),
('3','','2009-01-06','1464637','Lake Genevieve','Dominica','1971-05-18 07:35:52','2005-11-24 01:25:10'),
('4','','1975-08-30','151','North Garrickstad','United Kingdom','1977-03-05 02:43:43','1993-02-20 12:50:54'),
('5','','2019-11-21','0','Beattyfort','Falkland Islands (Malvinas)','2017-10-06 20:12:03','1976-11-18 06:56:50'),
('6','','1971-03-22','4','Parkerbury','Cuba','1997-12-02 12:38:00','2013-11-08 05:09:33'),
('7','','1970-03-01','3','North Vivaland','Comoros','2020-01-30 22:42:11','2006-10-24 22:33:29'),
('8','','1986-02-16','2','Larsonfurt','Bulgaria','1982-08-05 03:26:51','1974-03-06 19:52:53'),
('9','','2019-06-11','670024','East Courtney','Guadeloupe','1983-07-04 02:03:22','1996-03-01 11:18:11'),
('10','','2008-10-11','0','Gusikowskiborough','Montenegro','2015-12-30 04:47:08','2001-02-25 22:10:55'),
('11','','1990-01-01','422065','Lindgrenhaven','Turkey','2017-07-15 07:17:41','2015-01-05 09:08:26'),
('12','','1982-09-07','2441403','East Bethel','Mali','2006-07-08 16:09:02','1994-09-07 19:14:15'),
('13','','2004-09-14','76','Sanfordhaven','Mexico','1980-06-08 19:24:47','2011-01-20 18:53:25'),
('14','','2019-02-21','189038','Juliaside','Senegal','1999-11-28 01:51:40','1994-03-02 21:41:21'),
('15','','1994-02-26','5983837','East Paoloborough','Angola','2002-05-29 16:28:01','1985-11-14 18:52:40'),
('16','','1997-10-31','12473','South Jamisonborough','Samoa','2012-07-22 14:59:22','1989-03-30 14:53:56'),
('17','','2018-05-08','76','West Lyla','Palestinian Territory','2006-05-28 09:16:08','1992-03-29 19:13:08'),
('18','','2001-05-01','98977727','North Rafael','Dominican Republic','1977-09-10 13:48:44','1986-12-11 06:19:58'),
('19','','1980-01-29','0','West Sandy','Falkland Islands (Malvinas)','2017-10-12 03:06:15','1998-04-07 05:57:52'),
('20','','2002-08-31','751','Turnerborough','Niger','2005-08-04 08:27:14','2003-05-23 13:47:55'),
('21','','2003-04-23','8','Lueilwitzbury','Saint Kitts and Nevis','1987-02-25 05:09:48','1989-12-30 02:45:08'),
('22','','1991-04-27','0','Jaskolskimouth','Venezuela','2001-10-09 21:22:50','1985-01-01 23:33:24'),
('23','','2001-07-13','85','West Caspershire','Grenada','1996-03-02 06:59:30','2003-11-12 06:24:00'),
('24','','1977-06-02','102563','North Rebaton','Paraguay','2003-05-16 12:35:27','2003-06-11 17:46:19'),
('25','','2011-11-25','18','New Skylar','Singapore','1998-07-05 12:56:55','1998-10-09 03:55:50'),
('26','','1995-10-13','986','Andersonview','Maldives','2001-11-12 11:24:59','2012-06-24 23:00:19'),
('27','','1989-06-26','491713070','Nikitaton','Honduras','1993-05-27 11:22:40','2012-02-12 22:05:11'),
('28','','2002-07-01','677488425','South Fredy','Belize','1987-07-22 10:14:32','2000-01-14 16:21:08'),
('29','','2007-07-20','9','Dawnberg','Honduras','2009-11-28 18:18:27','1999-06-21 07:31:25'),
('30','','1981-09-14','4928821','Lake Ricardo','Saint Kitts and Nevis','1982-11-07 16:49:08','2017-07-01 22:45:20'),
('31','','1996-09-12','410726669','Collinsstad','Tuvalu','2016-07-20 23:14:58','1998-02-25 05:34:41'),
('32','','1997-08-15','402540','Herminiomouth','Estonia','2012-04-05 06:27:24','2003-08-17 21:29:59'),
('33','','1977-11-30','9517','Tyrastad','Bhutan','2005-07-29 18:42:21','2016-10-19 02:37:38'),
('34','','1971-04-19','0','Conorport','Eritrea','1987-04-14 14:20:40','1987-02-01 19:58:11'),
('35','','2010-11-27','696406825','North Novellafort','Togo','1973-10-09 14:32:43','2019-07-18 15:18:49'),
('36','','2006-02-07','0','Port Ellamouth','Macedonia','1973-03-07 18:41:29','2007-08-25 15:27:20'),
('37','','1987-09-21','9452648','Cummingsmouth','Zimbabwe','2005-12-22 05:38:10','1992-05-17 20:05:55'),
('38','','1991-03-12','4892899','Kshlerinshire','South Georgia and the South Sandwich Islands','2006-02-18 16:36:29','1983-02-07 22:44:53'),
('39','','2017-09-05','9954206','East Destineyborough','Hong Kong','2018-02-21 04:20:04','1997-06-08 07:10:19'),
('40','','1988-05-28','547333','Chancemouth','Kiribati','2013-12-06 01:09:59','1998-08-23 03:27:51'),
('41','','1985-06-11','0','Eusebiobury','Puerto Rico','1982-08-07 10:17:43','1979-08-28 10:38:12'),
('42','','1984-01-28','98166177','Lake Lee','French Polynesia','1980-02-01 23:45:05','2017-10-03 15:40:10'),
('43','','2015-09-21','8960275','Port Zoila','Portugal','2002-12-16 11:43:01','1974-01-30 06:47:22'),
('44','','2010-01-09','43954531','Port Angelo','Antarctica (the territory South of 60 deg S)','1977-12-24 02:49:08','2000-08-10 17:48:45'),
('45','','1972-03-01','99','Millerstad','Afghanistan','2018-09-30 13:09:46','1982-12-30 19:52:09'),
('46','','1972-05-23','498266','Simonisfurt','India','1991-01-12 23:59:12','2000-10-25 16:48:01'),
('47','','1973-02-14','44545','East Anderson','Swaziland','1998-10-27 03:04:52','2006-12-29 12:49:19'),
('48','','2011-03-15','191','Marcosfurt','Puerto Rico','2006-06-11 23:36:07','1999-06-26 13:21:26'),
('49','','2002-05-28','721133','North Barryfurt','Tuvalu','1975-12-10 23:04:57','1984-07-26 17:16:44'),
('50','','1984-06-28','881595','Tiaside','Malta','2019-09-05 05:50:36','1981-12-16 07:14:11'),
('51','','2000-06-16','24048','South Sydney','France','2012-03-15 13:54:17','1972-12-18 13:31:49'),
('52','','1970-02-22','15','Port Enricoton','Timor-Leste','1989-06-01 12:40:28','1995-04-19 01:38:25'),
('53','','1972-02-23','61014500','Lake Alden','Angola','2016-12-07 08:03:50','2013-12-11 11:17:26'),
('54','','1994-02-13','325557','East Ally','Djibouti','2018-02-19 02:12:32','1976-03-08 03:55:35'),
('55','','2004-07-03','3','Chesleyshire','Moldova','1991-06-19 04:51:27','1981-03-05 15:26:07'),
('56','','1979-04-11','422','Goldaland','Greece','1982-11-22 03:19:42','1997-04-29 01:12:51'),
('57','','1994-03-24','243','Hoegerport','Christmas Island','1992-05-10 03:47:18','1988-04-22 15:47:23'),
('58','','2018-12-10','0','East Stanford','Greenland','1978-03-22 05:54:53','1981-08-19 19:33:03'),
('59','','2017-10-27','4452356','Brekkeberg','Isle of Man','1978-10-27 19:31:01','2015-08-05 17:15:54'),
('60','','2015-12-10','9422063','Watsicamouth','Iraq','1999-12-07 04:06:30','2009-10-21 00:45:20'),
('61','','1995-10-20','6859','East Princess','Senegal','2012-02-18 10:48:35','2002-04-09 11:37:03'),
('62','','1972-10-21','44','West Milesmouth','Brazil','1980-09-11 00:11:57','2007-01-10 22:18:45'),
('63','','2002-04-06','337368324','South Pamelastad','Libyan Arab Jamahiriya','1970-12-27 22:50:04','1995-09-02 18:17:18'),
('64','','2011-12-30','0','Barrowsmouth','Netherlands','2004-05-13 14:29:13','1974-04-03 10:04:06'),
('65','','2001-02-09','794977','Kunzeborough','Ukraine','2007-02-10 18:37:48','1976-01-10 12:00:40'),
('66','','1992-07-26','54244','New Cordelia','Kenya','1997-02-25 09:56:01','2006-09-07 18:40:00'),
('67','','2006-08-23','72522090','Kreigermouth','Isle of Man','2010-03-12 12:20:00','1978-04-17 00:57:49'),
('68','','2017-11-20','79','South Reneeport','Brazil','1996-04-02 21:18:31','1991-07-27 14:47:13'),
('69','','1980-10-28','2502','Wolffurt','Madagascar','1991-05-13 17:53:01','1991-04-04 06:18:25'),
('70','','2015-10-27','151501','Boscofurt','Macedonia','2002-05-31 02:31:11','1975-02-23 10:10:00'),
('71','','1973-06-06','0','West Emilianohaven','Norway','2005-11-19 02:08:56','2010-09-03 21:28:49'),
('72','','2009-03-25','0','Port Layneburgh','Tajikistan','2008-02-20 07:50:59','1973-10-15 22:01:27'),
('73','','1982-04-19','76724','South Richie','Solomon Islands','1985-02-19 16:29:52','1981-02-25 07:10:34'),
('74','','2000-02-26','7050','Robertstown','Saint Pierre and Miquelon','1994-05-11 16:13:49','1979-05-21 09:25:35'),
('75','','1984-05-11','558271','Uptontown','Svalbard & Jan Mayen Islands','1971-09-30 02:21:10','2009-01-11 07:49:57'),
('76','','2001-11-17','7020','Port Fatimastad','Benin','1977-11-24 17:00:24','2014-09-25 21:14:27'),
('77','','2001-01-19','516347','Sheaborough','Isle of Man','1989-04-21 20:42:21','1975-07-29 04:30:59'),
('78','','2001-02-09','47093','North Ardella','Morocco','2009-11-16 19:36:03','1989-04-15 23:00:13'),
('79','','1989-01-14','81','New Dovieside','Honduras','1970-02-19 19:05:55','2008-08-27 18:50:26'),
('80','','2002-08-21','0','New Silasmouth','Greenland','1977-08-20 14:21:49','2002-07-25 21:10:37'),
('81','','2019-12-01','0','West Desiree','Tokelau','2008-04-03 18:43:58','1981-02-18 12:44:43'),
('82','','1991-04-06','0','Grahamport','Lebanon','1981-07-15 06:14:38','2005-08-25 09:08:05'),
('83','','1990-01-10','5507','Baileychester','Iceland','2007-07-14 11:10:46','1974-06-15 10:10:05'),
('84','','1999-10-17','0','West Candiceview','Sudan','2015-04-17 03:08:31','1973-07-10 13:54:32'),
('85','','1989-08-26','1','Lydiaview','Malawi','2005-07-18 16:07:26','1984-09-02 22:00:07'),
('86','','2005-01-15','96','Port Rebekaland','Haiti','2003-07-28 22:56:47','2002-05-23 11:19:34'),
('87','','2015-09-25','10133','Coltontown','Venezuela','1977-09-15 10:07:39','2000-08-10 15:46:55'),
('88','','1998-02-03','962242','Urbanborough','Papua New Guinea','1972-08-21 12:35:31','1996-12-08 21:09:49'),
('89','','1994-04-04','316','Rogeliochester','Lao People\'s Democratic Republic','1981-03-26 19:45:58','1976-02-03 00:42:44'),
('90','','2010-12-26','8234','Mayerbury','Netherlands Antilles','1996-01-10 13:53:29','2002-03-09 09:00:38'),
('91','','1993-03-09','2288452','Port Waldomouth','Libyan Arab Jamahiriya','2017-07-26 19:44:42','1986-10-12 04:38:26'),
('92','','1996-12-09','18091822','Rosettahaven','Isle of Man','2008-04-08 14:03:04','2013-12-29 16:06:47'),
('93','','2017-02-18','841042','Karlimouth','Anguilla','1971-07-28 18:42:37','1979-11-04 07:25:29'),
('94','','1992-05-03','670','Vedaburgh','Saint Barthelemy','2010-02-12 18:04:49','2019-06-28 10:48:45'),
('95','','2008-01-23','639','Cordellbury','Burkina Faso','1980-06-12 23:52:23','1987-12-16 22:32:38'),
('96','','1994-07-23','52','East Vidastad','Mali','2009-08-10 09:10:20','1993-01-08 17:57:44'),
('97','','1989-04-26','73','Sidhaven','Heard Island and McDonald Islands','1980-01-18 23:04:29','1994-06-24 05:06:32'),
('98','','1973-01-20','670925','Sanfordborough','Saint Kitts and Nevis','1981-06-26 05:00:20','1996-07-26 19:38:31'),
('99','','1983-08-03','85388','Croninmouth','United Arab Emirates','1975-08-30 09:12:15','1988-03-27 21:30:14'),
('100','','1979-08-13','6327292','North Amari','Latvia','2018-07-26 05:31:33','2017-06-13 09:14:31'); 


DROP TABLE IF EXISTS `users`;
CREATE TABLE `users` (
  `id` int(10) unsigned NOT NULL AUTO_INCREMENT COMMENT 'Идентификатор строки',
  `first_name` varchar(100) COLLATE utf8_unicode_ci NOT NULL COMMENT 'Имя пользователя',
  `last_name` varchar(100) COLLATE utf8_unicode_ci NOT NULL COMMENT 'Фамилия пользователя',
  `email` varchar(100) COLLATE utf8_unicode_ci NOT NULL COMMENT 'Почта',
  `phone` varchar(100) COLLATE utf8_unicode_ci NOT NULL COMMENT 'Телефон',
  `created_at` datetime DEFAULT current_timestamp() COMMENT 'Время создания строки',
  `updated_at` datetime DEFAULT current_timestamp() ON UPDATE current_timestamp() COMMENT 'Время обновления строки',
  PRIMARY KEY (`id`),
  UNIQUE KEY `email` (`email`),
  UNIQUE KEY `phone` (`phone`)
) ENGINE=InnoDB AUTO_INCREMENT=101 DEFAULT CHARSET=utf8 COLLATE=utf8_unicode_ci COMMENT='Пользователи';

INSERT INTO `users` VALUES ('1','Yessenia','Dicki','ukeebler@example.net','02434438949','1980-07-16 18:57:12','2003-03-28 21:18:42'),
('2','Wilton','Walsh','feil.layne@example.net','679-799-2064','1976-12-04 05:09:25','1979-07-22 23:38:58'),
('3','Richard','Considine','ivory.wehner@example.org','665.468.0389x6209','2010-04-23 03:10:42','2012-06-24 03:48:12'),
('4','Nicholaus','Zulauf','gladyce61@example.org','821-949-9943x9975','2015-04-12 06:14:06','1993-03-18 10:59:13'),
('5','Elvera','Schneider','dwunsch@example.org','496.278.4364','2005-05-07 21:41:33','1996-11-14 19:48:10'),
('6','Timmy','Bednar','eileen.schinner@example.com','798-426-5135x66123','1973-01-04 02:16:14','1984-11-21 09:46:47'),
('7','Wilmer','Kling','kiehn.berta@example.com','(157)565-0931x043','1996-08-20 02:51:21','1990-02-08 06:49:27'),
('8','Brando','Funk','macey46@example.net','+02(7)3269599599','1984-06-07 20:53:36','1982-04-16 00:09:12'),
('9','Jess','Bergnaum','michele26@example.com','190.959.3392x05648','2007-10-26 02:23:38','2015-02-01 03:26:51'),
('10','Jena','Williamson','vdooley@example.net','(420)784-5676x71956','2005-05-03 21:49:10','1975-06-19 01:48:41'),
('11','Asia','Turner','madonna20@example.net','134.671.3626','1981-11-28 08:46:16','2011-02-21 16:47:33'),
('12','Kolby','Nienow','considine.guido@example.net','+37(9)7883617910','2000-07-20 09:00:54','2016-08-21 14:21:27'),
('13','Jocelyn','Kreiger','witting.ada@example.com','923-968-6317x5067','1991-02-21 01:27:46','1971-11-03 22:18:27'),
('14','Amparo','Deckow','tremaine.schaden@example.net','576-947-7457x7649','2003-12-09 09:58:07','1990-10-10 15:37:43'),
('15','Lisa','Toy','gaylord.shad@example.net','118.378.5179','1987-08-20 05:55:09','2001-12-26 13:05:30'),
('16','Estevan','Greenholt','amely21@example.com','1-161-649-2851','1996-07-06 20:09:07','1971-03-28 10:00:17'),
('17','Rhett','Kub','bjenkins@example.com','728.328.0771x44236','2013-09-09 19:11:34','2009-12-17 06:41:01'),
('18','Justice','Wehner','dmertz@example.org','1-281-600-0521x64886','2000-01-01 00:25:45','1972-11-12 00:22:37'),
('19','Adella','Senger','dorthy.emmerich@example.com','(005)255-2379','1986-06-03 17:31:10','2014-12-09 15:40:54'),
('20','Estrella','Waters','eondricka@example.com','988.922.9812','1998-09-26 16:36:36','1993-09-04 16:24:52'),
('21','Kaitlin','Yundt','bridgette37@example.net','089.394.0953x81445','1995-12-06 10:02:38','1974-04-11 04:22:57'),
('22','Dewitt','D\'Amore','isabelle.zieme@example.com','(681)286-4449x74169','2009-09-20 16:43:20','2002-10-18 20:14:24'),
('23','Arvilla','Anderson','richard83@example.org','(937)149-7095x28343','2020-01-17 07:34:13','1983-10-01 22:15:57'),
('24','Valerie','Kulas','xwehner@example.net','611.821.4324','1997-09-24 07:49:59','1971-05-31 01:39:16'),
('25','Floy','Kris','wkihn@example.net','258.656.3034x260','1980-09-26 09:34:25','1974-02-08 07:04:22'),
('26','Shany','Prohaska','layne.fisher@example.com','1-542-667-4220','2009-06-07 16:01:51','1974-09-10 04:23:44'),
('27','Jesus','Medhurst','pmclaughlin@example.org','1-060-522-3373x94083','2014-09-29 05:59:16','2004-06-23 13:01:01'),
('28','Deontae','Erdman','feeney.junius@example.net','07341292117','1972-03-19 15:56:53','2013-10-13 08:50:40'),
('29','Johnson','O\'Reilly','nader.dorian@example.org','1-342-924-9472x057','1982-07-28 03:25:43','1995-08-25 04:47:54'),
('30','Noemy','Pouros','hd\'amore@example.org','(081)044-0691x8045','2005-12-19 17:08:48','1989-08-10 17:40:40'),
('31','Devan','Zulauf','ulynch@example.com','182-430-7990x400','1976-06-01 23:46:48','1983-08-02 13:50:23'),
('32','Davon','Nienow','gleason.valentina@example.com','1-041-723-6048x2361','1982-06-04 08:00:19','2008-02-23 18:21:53'),
('33','Kory','Funk','schneider.milan@example.net','588.293.1148x5375','1984-12-25 19:30:17','2012-06-15 21:40:14'),
('34','Louvenia','Kuhlman','nschamberger@example.net','215-551-2894x728','2002-08-02 14:41:35','1971-03-28 08:28:50'),
('35','Oran','Gottlieb','anderson.lonnie@example.org','(115)935-0449x7938','1972-03-09 22:53:40','1977-01-19 14:15:03'),
('36','Adonis','Hand','chasity64@example.com','1-768-524-9161x64263','1984-01-25 10:17:10','1982-10-29 09:40:12'),
('37','Milford','Bartell','uthiel@example.com','502-039-6592x0414','1994-02-11 18:48:00','1985-02-20 05:23:29'),
('38','Christina','Ratke','emily.zemlak@example.com','802.406.6087x03860','1994-07-09 02:10:40','1977-12-30 15:45:11'),
('39','Micheal','Champlin','jermey.stamm@example.org','563.761.8581x174','1990-09-05 04:00:49','2010-04-17 03:32:36'),
('40','Alison','Satterfield','zmayert@example.com','937.199.2495x5889','1988-04-28 22:09:11','2002-06-02 02:37:08'),
('41','Wade','Gusikowski','bhills@example.net','1-626-501-1567x9674','1996-07-14 14:00:45','1973-01-13 11:48:22'),
('42','Raven','Bosco','jjones@example.net','+18(2)6307469585','1988-07-04 10:59:26','2004-05-19 15:16:04'),
('43','Serena','Schaefer','fbradtke@example.org','(795)779-0318x1043','2020-04-20 03:44:33','2008-02-02 14:34:50'),
('44','Margot','Kohler','carey72@example.net','307.640.7273x93387','2015-07-26 23:43:19','2004-04-21 04:14:16'),
('45','Cristopher','Feil','mauricio.hoeger@example.org','258-346-5435x7581','1977-02-24 22:09:20','1988-06-13 08:57:43'),
('46','Lulu','Kessler','klein.katrina@example.net','(108)209-9945x02169','1978-06-23 06:00:49','2002-08-15 15:05:03'),
('47','Dixie','Bogisich','katheryn.effertz@example.com','00167534485','1980-12-25 16:17:21','2005-07-04 11:10:05'),
('48','Tianna','Baumbach','hermann.verona@example.org','00645186403','2009-01-11 21:01:54','1977-01-30 10:53:52'),
('49','Marcelino','Fahey','everette70@example.org','1-458-332-1223x714','1984-09-24 03:38:48','1992-01-26 00:12:14'),
('50','Briana','Lind','cklocko@example.com','+56(3)6827875495','1999-03-11 06:22:32','2015-12-22 02:29:42'),
('51','Gladyce','Rosenbaum','effertz.brandyn@example.net','370.805.3857','1970-08-20 13:40:21','1997-01-25 06:12:10'),
('52','Aurelie','Pacocha','daniel.gilda@example.org','(369)920-7489x505','1993-07-22 12:16:25','2009-09-04 01:36:50'),
('53','Syble','Lang','yhudson@example.net','1-260-138-1950x735','1974-06-10 09:03:55','1998-06-24 05:39:51'),
('54','Ethelyn','Batz','gyost@example.net','944-963-3860','1988-01-24 09:28:21','1983-09-14 16:55:00'),
('55','Kay','Kuhn','brakus.sonya@example.com','677.621.8879','2016-07-20 06:40:15','1992-12-28 03:43:46'),
('56','Wilhelmine','Nolan','ckling@example.com','973-648-9969','1978-03-28 17:51:59','2000-03-25 14:26:05'),
('57','Kallie','Langosh','bboyle@example.net','1-209-669-2119','1975-05-26 16:27:32','1993-05-12 09:11:45'),
('58','Tianna','Stark','olindgren@example.com','1-625-348-9844x75064','2009-09-26 05:47:38','2016-12-24 04:33:35'),
('59','Stephanie','Corkery','ealtenwerth@example.org','(167)508-5368','1975-09-24 11:20:48','1989-10-23 22:44:21'),
('60','Deondre','Mann','pdooley@example.org','00214639095','2001-06-02 07:18:21','2011-10-02 12:55:49'),
('61','Maegan','Nikolaus','bahringer.brandi@example.net','869.170.6678','2010-07-20 05:54:30','1988-09-27 05:32:16'),
('62','Jalen','Hirthe','casimer23@example.net','045-426-4598x3051','1991-12-10 13:36:53','2002-04-05 10:52:43'),
('63','Kody','Yundt','lucinda.emmerich@example.net','(954)986-3486','1996-08-18 21:02:25','1992-05-04 04:33:01'),
('64','Jaycee','McCullough','djacobi@example.org','1-064-819-9801','2009-01-17 15:20:54','1998-06-15 08:39:43'),
('65','Charlene','Baumbach','hnitzsche@example.net','1-129-738-4769','1994-07-10 11:28:43','1991-09-15 21:22:37'),
('66','Nicholas','Berge','chance.renner@example.net','(630)187-2300x26013','1999-10-25 09:04:25','2012-06-28 17:48:59'),
('67','Xander','Glover','dianna.hammes@example.org','186-165-3891','1976-07-06 08:46:14','2017-03-12 10:12:42'),
('68','Garfield','Kihn','camren06@example.org','(180)787-3079x531','1985-11-14 00:36:41','1979-11-25 17:23:16'),
('69','Piper','Trantow','dasia.dibbert@example.net','1-392-836-4159','1982-02-14 23:09:39','1998-01-14 02:45:31'),
('70','Kenya','O\'Reilly','nerdman@example.com','600-388-0160x7196','2001-02-28 10:33:12','2011-01-25 18:29:48'),
('71','Alexane','Lehner','trevor.white@example.net','(404)590-3244','2001-10-10 16:31:19','1995-10-23 23:39:59'),
('72','Sedrick','Turcotte','brigitte.lueilwitz@example.com','05289705880','1992-06-22 22:11:18','1979-05-06 10:54:49'),
('73','Jaiden','Marquardt','kerluke.camille@example.org','390.873.6653x8178','1989-12-19 02:07:00','2000-10-17 23:21:34'),
('74','Eugenia','Tillman','nico.emmerich@example.org','08207809261','1997-07-26 22:46:36','1989-07-23 22:07:10'),
('75','Junius','Watsica','anne.huels@example.net','1-991-366-5487x980','1995-12-28 08:05:22','2008-10-17 17:38:29'),
('76','Mazie','Gerlach','janiya74@example.net','(849)603-0990x2005','1979-09-23 12:57:39','1992-11-21 21:54:19'),
('77','Cyril','Stiedemann','nnader@example.net','1-970-806-4357x3853','1977-06-10 12:58:23','1997-07-05 09:00:29'),
('78','Giovani','Kutch','brenda19@example.org','787-331-8967x383','1980-11-24 22:25:16','2000-06-22 02:26:20'),
('79','Emily','Dickinson','gromaguera@example.com','(085)316-8813x674','1984-11-11 07:12:01','1978-11-03 07:22:10'),
('80','Rebecca','Marvin','alba.treutel@example.com','+68(3)1656148115','1987-02-10 20:26:45','2015-07-19 19:44:35'),
('81','Waylon','Haley','cartwright.ferne@example.net','345-942-0509x80278','1999-05-22 15:14:52','2000-02-23 05:44:24'),
('82','Judge','Blick','gtreutel@example.net','+44(4)0879260872','1989-05-18 17:34:21','1989-05-01 20:09:20'),
('83','Jamison','Koepp','jaskolski.nina@example.net','1-350-282-8364x25032','1982-03-19 20:37:23','1983-06-04 12:26:32'),
('84','Deangelo','Bergstrom','barry.macejkovic@example.com','333.365.5948x8921','1987-07-05 21:46:12','1985-08-06 08:15:00'),
('85','Easter','Turcotte','stuart05@example.net','(594)987-0196x997','1988-02-13 06:14:29','2016-12-12 22:25:27'),
('86','Carmine','Reilly','yluettgen@example.com','(495)571-7814','2004-11-01 12:58:42','2004-10-24 09:05:58'),
('87','Karlie','Olson','damian62@example.net','040.981.0903','1988-01-13 09:58:18','2018-02-06 10:48:15'),
('88','Lempi','Schimmel','pmckenzie@example.com','(471)604-4701x897','1993-02-27 05:35:17','1984-06-18 00:56:40'),
('89','Krystina','Reynolds','hansen.jimmie@example.com','+12(5)9065154940','2015-12-26 12:24:40','2008-11-04 22:24:57'),
('90','Annabelle','Schaden','marie.schultz@example.com','134.645.6187x84250','1994-03-06 20:12:30','2013-07-18 03:54:33'),
('91','Reuben','Waters','roberts.elijah@example.net','05420280230','1979-05-31 09:26:11','1998-05-23 08:01:35'),
('92','Faye','Rippin','millie.gerhold@example.org','+64(0)9472883690','1994-05-06 17:14:11','2013-08-24 00:09:08'),
('93','Icie','D\'Amore','avandervort@example.org','458.177.2432','1973-07-26 03:34:32','1978-08-14 11:14:38'),
('94','Lewis','Bruen','elvera71@example.net','439-820-9567x46263','2004-11-05 22:05:07','2016-12-16 22:21:15'),
('95','Carmela','Gorczany','kay.wuckert@example.net','+01(5)3303211483','1978-11-24 05:25:05','1997-04-17 08:09:03'),
('96','Marlee','Altenwerth','juanita.pagac@example.com','913-247-7986','2014-03-27 07:04:33','1999-04-04 11:25:25'),
('97','Flo','Denesik','medhurst.marina@example.net','(409)881-1696','2003-10-01 05:24:02','1985-10-08 04:13:50'),
('98','Quinton','Harris','reilly.lakin@example.net','243-067-7174','1994-09-19 20:22:53','2002-06-14 04:10:32'),
('99','Jessika','Quitzon','zack.mohr@example.com','(875)297-6704','2018-07-05 05:11:00','1980-02-12 07:25:18'),
('100','Annamarie','Friesen','gmurazik@example.net','620.454.1247x48733','2013-07-11 05:19:24','1998-11-06 22:32:38'); 




/*!40101 SET SQL_MODE=@OLD_SQL_MODE */;
/*!40014 SET FOREIGN_KEY_CHECKS=@OLD_FOREIGN_KEY_CHECKS */;
/*!40014 SET UNIQUE_CHECKS=@OLD_UNIQUE_CHECKS */;
/*!40101 SET CHARACTER_SET_CLIENT=@OLD_CHARACTER_SET_CLIENT */;
/*!40101 SET CHARACTER_SET_RESULTS=@OLD_CHARACTER_SET_RESULTS */;
/*!40101 SET COLLATION_CONNECTION=@OLD_COLLATION_CONNECTION */;
/*!40111 SET SQL_NOTES=@OLD_SQL_NOTES */;

