SET NAMES 'utf8';
USE kinopoisk;
--
-- Удалить данные из таблицы 'WillWatch'
--
TRUNCATE TABLE WillWatch;
--
-- Удалить данные из таблицы 'Profile'
--
TRUNCATE TABLE Profile;
--
-- Удалить данные из таблицы 'MovieRating'
--
TRUNCATE TABLE MovieRating;
--
-- Удалить данные из таблицы 'MovieGenre'
--
TRUNCATE TABLE MovieGenre;
--
-- Удалить данные из таблицы 'MovieCountry'
--
TRUNCATE TABLE MovieCountry;
--
-- Удалить данные из таблицы 'FavoriteFilms'
--
TRUNCATE TABLE FavoriteFilms;
--
-- Удалить данные из таблицы 'User'
--
DELETE FROM User;
--
-- Удалить данные из таблицы 'Movie'
--
DELETE FROM Movie;
--
-- Удалить данные из таблицы 'Genre'
--
DELETE FROM Genre;
--
-- Удалить данные из таблицы 'Gender'
--
DELETE FROM Gender;
--
-- Удалить данные из таблицы 'Country'
--
DELETE FROM Country;

--
-- Вставка данных в таблицу Country
--
INSERT INTO Country(Id, Name, Created, Updated) VALUES
(1, 'Croatia', '1989-12-09 12:18:23', '1970-01-01 00:00:04'),
(2, 'Ghana', '1996-07-08 06:02:03', '1982-03-08 13:20:01'),
(3, 'Guyana', '1991-06-14 06:02:03', '2009-12-22 09:04:33'),
(4, 'Sri Lanka', '1970-01-01 00:07:13', '2010-12-05 11:11:33'),
(5, 'Swaziland', '2019-08-04 05:40:23', '1987-04-02 13:20:02'),
(6, 'Iraq', '1996-07-08 06:02:04', '1982-03-08 13:20:02'),
(7, 'Nicaragua', '2006-06-02 06:04:00', '1987-04-02 13:20:03'),
(8, 'Malawi', '1975-01-26 00:07:14', '2004-11-27 09:04:33'),
(9, 'Uruguay', '1984-11-14 12:18:23', '2015-12-30 11:11:31'),
(10, 'Australia', '1991-06-14 06:02:04', '2009-12-22 09:04:34'),
(11, 'Finland', '1970-01-01 00:07:14', '1975-01-26 00:00:05'),
(12, 'Luxembourg', '1989-12-09 12:18:24', '1982-03-08 13:20:03'),
(13, 'Suriname', '1975-01-26 00:07:15', '1987-04-02 13:20:04'),
(14, 'Slovakia', '2001-05-08 06:04:00', '2010-12-05 11:11:34'),
(15, 'Zambia', '1984-11-14 12:18:24', '2004-11-27 09:04:34'),
(16, 'France', '2006-06-02 06:04:01', '1970-01-01 00:00:05'),
(17, 'Austria', '1996-07-08 06:02:05', '1992-09-19 10:40:14'),
(18, 'Canada', '1989-12-09 12:18:25', '1982-03-08 13:20:04'),
(19, 'Ukraine', '1984-11-14 12:18:25', '1987-04-02 13:20:05'),
(20, 'Guatemala', '1989-12-09 12:18:26', '2009-12-22 09:04:35'),
(21, 'Denmark', '1984-11-14 12:18:26', '2004-11-27 09:04:35'),
(22, 'Bangladesh', '2014-07-10 05:40:26', '2009-12-22 09:04:36'),
(23, 'Mongolia', '1991-06-14 06:02:05', '1997-10-14 10:40:15'),
(24, 'Italy', '1996-07-08 06:02:06', '1975-01-26 00:00:06'),
(25, 'Albania', '2001-05-08 06:04:01', '1970-01-01 00:00:06'),
(26, 'Sierra Leone', '1991-06-14 06:02:06', '1992-09-19 10:40:15'),
(27, 'Saudi Arabia', '2006-06-02 06:04:02', '1997-10-14 10:40:16'),
(28, 'Moldova', '2019-08-04 05:40:24', '2015-12-30 11:11:32'),
(29, 'Botswana', '1989-12-09 12:18:27', '2010-12-05 11:11:35'),
(30, 'Nigeria', '1996-07-08 06:02:07', '2015-12-30 11:11:33'),
(31, 'New Zealand', '1991-06-14 06:02:07', '1992-09-19 10:40:16'),
(32, 'Tunisia', '2001-05-08 06:04:02', '1997-10-14 10:40:17'),
(33, 'Bahrain', '1970-01-01 00:07:15', '2010-12-05 11:11:36'),
(34, 'Brazil', '2006-06-02 06:04:03', '1975-01-26 00:00:07'),
(35, 'Panama', '2001-05-08 06:04:03', '1970-01-01 00:00:07'),
(36, 'Israel', '2006-06-02 06:04:04', '1992-09-19 10:40:17'),
(37, 'Afghanistan', '1984-11-14 12:18:27', '1997-10-14 10:40:18'),
(38, 'Argentina', '1989-12-09 12:18:28', '1992-09-19 10:40:18'),
(39, 'Netherlands', '1975-01-26 00:07:16', '1982-03-08 13:20:05'),
(40, 'Cuba', '1984-11-14 12:18:28', '2015-12-30 11:11:34'),
(41, 'Fiji', '1996-07-08 06:02:08', '2010-12-05 11:11:37'),
(42, 'Malaysia', '1991-06-14 06:02:08', '1997-10-14 10:40:19'),
(43, 'Sweden', '2001-05-08 06:04:04', '1987-04-02 13:20:06'),
(44, 'Namibia', '1970-01-01 00:07:16', '1982-03-08 13:20:06'),
(45, 'Colombia', '2014-07-10 05:40:27', '1987-04-02 13:20:07'),
(46, 'Nepal', '2006-06-02 06:04:05', '1992-09-19 10:40:19'),
(47, 'Belize', '2001-05-08 06:04:05', '1982-03-08 13:20:07'),
(48, 'Yemen', '1989-12-09 12:18:29', '1987-04-02 13:20:08'),
(49, 'Kuwait', '2006-06-02 06:04:06', '2004-11-27 09:04:36'),
(50, 'Chile', '1975-01-26 00:07:17', '1982-03-08 13:20:08'),
(51, 'Philippines', '1984-11-14 12:18:29', '1997-10-14 10:40:20'),
(52, 'Belgium', '2019-08-04 05:40:25', '1987-04-02 13:20:09'),
(53, 'Portugal', '1989-12-09 12:18:30', '1975-01-26 00:00:08'),
(54, 'Iceland', '1996-07-08 06:02:09', '1970-01-01 00:00:08'),
(55, 'Norway', '1984-11-14 12:18:30', '2015-12-30 11:11:35'),
(56, 'Uganda', '1991-06-14 06:02:09', '2010-12-05 11:11:38'),
(57, 'Spain', '1970-01-01 00:07:17', '2009-12-22 09:04:37'),
(58, 'Ecuador', '2014-07-10 05:40:28', '1982-03-08 13:20:09'),
(59, 'South Africa', '1996-07-08 06:02:10', '1975-01-26 00:00:09'),
(60, 'United Kingdom', '1975-01-26 00:07:18', '2004-11-27 09:04:37'),
(61, 'Latvia', '1991-06-14 06:02:10', '1970-01-01 00:00:09'),
(62, 'Pakistan', '2001-05-08 06:04:06', '1992-09-19 10:40:20'),
(63, 'Slovenia', '1970-01-01 00:07:18', '2009-12-22 09:04:38'),
(64, 'Czech Republic', '2019-08-04 05:40:26', '1987-04-02 13:20:10'),
(65, 'Kenya', '1996-07-08 06:02:11', '1997-10-14 10:40:21'),
(66, 'Lithuania', '2006-06-02 06:04:07', '2004-11-27 09:04:38'),
(67, 'Germany', '1989-12-09 12:18:31', '1982-03-08 13:20:10'),
(68, 'Bulgaria', '1975-01-26 00:07:19', '2015-12-30 11:11:36'),
(69, 'Jordan', '1984-11-14 12:18:31', '1992-09-19 10:40:21'),
(70, 'Qatar', '1989-12-09 12:18:32', '1987-04-02 13:20:11'),
(71, 'Georgia', '2014-07-10 05:40:29', '1997-10-14 10:40:22'),
(72, 'Singapore', '2001-05-08 06:04:07', '2010-12-05 11:11:39'),
(73, 'India', '2019-08-04 05:40:27', '2015-12-30 11:11:37'),
(74, 'Mauritius', '1991-06-14 06:02:11', '1982-03-08 13:20:11'),
(75, 'Hungary', '1984-11-14 12:18:32', '1975-01-26 00:00:10'),
(76, 'Peru', '1970-01-01 00:07:19', '1987-04-02 13:20:12'),
(77, 'Viet Nam', '1989-12-09 12:18:33', '2009-12-22 09:04:39'),
(78, 'Malta', '1975-01-26 00:07:20', '2004-11-27 09:04:39'),
(79, 'Mexico', '1996-07-08 06:02:12', '1970-01-01 00:00:10'),
(80, 'Ireland', '2014-07-10 05:40:30', '1982-03-08 13:20:12'),
(81, 'Indonesia', '2019-08-04 05:40:28', '1992-09-19 10:40:22'),
(82, 'Morocco', '1984-11-14 12:18:33', '2010-12-05 11:11:40'),
(83, 'Japan', '1991-06-14 06:02:12', '1975-01-26 00:00:11'),
(84, 'United States', '1996-07-08 06:02:13', '1987-04-02 13:20:13'),
(85, 'Cyprus', '1970-01-01 00:07:20', '1970-01-01 00:00:11'),
(86, 'Thailand', '2006-06-02 06:04:08', '2009-12-22 09:04:40'),
(87, 'Zimbabwe', '2001-05-08 06:04:08', '1982-03-08 13:20:13'),
(88, 'Gambia', '1989-12-09 12:18:34', '2004-11-27 09:04:40'),
(89, 'Korea', '2006-06-02 06:04:09', '1975-01-26 00:00:12'),
(90, 'Myanmar', '1984-11-14 12:18:34', '1970-01-01 00:00:12');

--
-- Вставка данных в таблицу Gender
--
INSERT INTO Gender(Id, Name) VALUES
(1, 'Male'),
(2, 'Female');

--
-- Вставка данных в таблицу Genre
--
INSERT INTO Genre(Id, Name, Created, Updated) VALUES
(1, 'Bittersweet', '1997-05-05 03:22:46', '1999-10-06 20:30:53'),
(2, 'DarkPink', '1982-07-31 04:49:27', '1980-10-21 12:21:54'),
(3, 'FieldDrab', '2001-11-25 10:55:53', '2009-12-01 20:32:51'),
(4, 'TyrianPurple', '2018-09-21 10:14:35', '1994-09-11 20:30:53'),
(5, 'Cerise', '2013-08-27 10:14:38', '1999-10-06 20:30:54'),
(6, 'ScreaminGreen', '2006-12-20 10:55:54', '1971-12-18 21:19:11'),
(7, 'DarkPowderBlue', '2018-09-21 10:14:36', '1994-09-11 20:30:54'),
(8, 'Linen', '2013-08-27 10:14:39', '1999-10-06 20:30:55'),
(9, 'Black', '1970-01-01 02:13:43', '1977-01-11 21:19:12'),
(10, 'CerisePink', '2001-11-25 10:55:54', '1971-12-18 21:19:12'),
(11, 'ZinnwalditeBrown', '1987-08-25 04:49:28', '2019-04-21 18:29:41'),
(12, 'UltraPink', '2018-09-21 10:14:37', '2014-03-27 18:29:44'),
(13, 'Rackley', '1982-07-31 04:49:28', '2004-11-06 20:32:51'),
(14, 'BlanchedAlmond', '1987-08-25 04:49:29', '1985-11-15 12:21:55'),
(15, 'Cerulean', '2013-08-27 10:14:40', '1977-01-11 21:19:13'),
(16, 'SeaBlue', '2006-12-20 10:55:55', '1971-12-18 21:19:13'),
(17, 'BleuDeFrance', '2018-09-21 10:14:38', '2019-04-21 18:29:42'),
(18, 'CeruleanBlue', '1992-04-10 03:22:46', '2014-03-27 18:29:45'),
(19, 'BlizzardBlue', '1997-05-05 03:22:47', '1980-10-21 12:21:55'),
(20, 'HookerGreen', '2013-08-27 10:14:41', '1994-09-11 20:30:55');

--
-- Вставка данных в таблицу Movie
--
INSERT INTO Movie(Id, Name, NameInternational, Year, Created, Updated) VALUES
(1, 'Fund management activities', 'Antaridge', 2019, '1994-02-05 16:27:50', '1970-03-22 23:14:15'),
(2, 'Financial management ', 'Monwoofridge', 2014, '2006-09-12 13:16:08', '1999-03-10 18:33:47'),
(3, 'Glazing ', 'Chartoplet', 2012, '2001-08-18 13:16:08', '2017-07-26 15:45:00'),
(4, 'Dental practice activities', 'Prolifiar', 2014, '2019-02-07 09:40:03', '1975-04-16 23:14:16'),
(5, 'Sale of other motor vehicles', 'Recordicphone', 2009, '2014-01-13 09:40:06', '1994-02-13 18:33:47'),
(6, 'Manufacture of electronic instruments/appliances for measuring, testing, and navigation, except process control equipment ', 'Contopexor', 2005, '2006-09-12 13:16:09', '1970-03-22 23:14:16'),
(7, 'Repair of other equipment', 'Monoholdphone', 2019, '2001-08-18 13:16:09', '1986-02-08 09:40:38'),
(8, 'News agency activities', 'Bijectentor', 2013, '1979-10-12 11:53:44', '2006-12-30 08:54:24'),
(9, 'Business and domestic software development ', 'Probandeflet', 2016, '1974-09-17 11:53:44', '2001-12-05 08:54:24'),
(10, 'Manufacture of other taps and valves', 'Tabcordefscope', 2014, '1979-10-12 11:53:45', '2006-12-30 08:54:25'),
(11, 'Manufacture of plaster products for construction purposes', 'Comtectar', 2000, '2019-02-07 09:40:04', '1975-04-16 23:14:17'),
(12, 'Manufacture of musical instruments', 'Tabniepra', 2014, '1999-03-02 16:27:51', '1981-01-14 09:40:38'),
(13, 'Architectural activities ', 'Reholdepscope', 2017, '1974-09-17 11:53:45', '1999-03-10 18:33:48'),
(14, 'Specialised cleaning services ', 'Mictellewor', 2020, '2014-01-13 09:40:07', '1970-03-22 23:14:17'),
(15, 'Information technology consultancy activities', 'Printculon', 2001, '1979-10-12 11:53:46', '1994-02-13 18:33:48'),
(16, 'Manufacture of agricultural and forestry machinery (other than agricultural tractors)', 'Ampcordletra', 2018, '1994-02-05 16:27:51', '1986-02-08 09:40:39'),
(17, 'Manufacture of wallpaper', 'Subbandridge', 2016, '1974-09-17 11:53:46', '1975-04-16 23:14:18'),
(18, 'Manufacture of paper and paperboard containers other than sacks and bags', 'Charcesseder', 2015, '1985-04-30 00:56:19', '1970-03-22 23:14:18'),
(19, 'Manufacture of basic iron and steel and of ferro-alloys', 'Readleinridge', 2013, '1979-10-12 11:53:47', '1975-04-16 23:14:19'),
(20, 'Extraction of crude petroleum', 'Cartnieper', 2020, '1974-09-17 11:53:47', '1970-03-22 23:14:19'),
(21, 'Non-specialized wholesale of food, beverages and tobacco', 'Ampcordimor', 2019, '1979-10-12 11:53:48', '2001-12-05 08:54:25'),
(22, 'Cargo handling for land transport activities of division 49', 'Stereomuterphone', 2004, '2006-09-12 13:16:10', '2006-12-30 08:54:26'),
(23, 'Letting and operating of own or leased real estate n.e.c.', 'Readcordar', 2020, '1980-04-05 00:56:19', '1999-03-10 18:33:49'),
(24, 'Landscape service activities', 'Monholdewon', 2016, '1985-04-30 00:56:20', '2012-07-01 15:45:03'),
(25, 'Manufacture of soft drinks, production of mineral waters and other bottled waters', 'Projectimer', 2007, '2019-02-07 09:40:05', '1981-01-14 09:40:39'),
(26, 'Manufacture of gas', 'Ampleupentor', 2020, '2001-08-18 13:16:10', '1975-04-16 23:14:20'),
(27, 'Wholesale of tobacco products', 'Stereoplotter', 2001, '2014-01-13 09:40:08', '1994-02-13 18:33:49'),
(28, 'Funeral and related activities', 'Tecordletphone', 2000, '1999-03-02 16:27:52', '1986-02-08 09:40:40'),
(29, 'Retail sale of footwear in specialized stores', 'Stereowooflet', 2013, '1980-04-05 00:56:20', '1999-03-10 18:33:50'),
(30, 'Manufacture of cleaning and polishing preparations ', 'Tweettaridge', 2010, '1974-09-17 11:53:48', '2001-12-05 08:54:26'),
(31, 'Other financial intermediation (not including security dealing on own account and factoring) n.e.c. ', 'Proputlet', 2001, '2019-02-07 09:40:06', '1994-02-13 18:33:50'),
(32, 'Barristers at law ', 'Ampjectfiator', 2014, '2006-09-12 13:16:11', '2017-07-26 15:45:01'),
(33, 'Manufacture of other tanks, reservoirs and containers of metal', 'Tweetplottar', 2014, '1979-10-12 11:53:49', '1981-01-14 09:40:40'),
(34, 'Wholesale of meat and meat products', 'Cleancessentor', 2003, '1974-09-17 11:53:49', '1970-03-22 23:14:20'),
(35, 'Library activities', 'Monofindommer', 2016, '1985-04-30 00:56:21', '1999-03-10 18:33:51'),
(36, 'Manufacture of light metal packaging', 'Charpickedgphone', 2015, '1980-04-05 00:56:21', '1986-02-08 09:40:41'),
(37, 'Processing of tea and coffee', 'Mictinlet', 2015, '1994-02-05 16:27:52', '1994-02-13 18:33:51'),
(38, 'Growing of grapes', 'Supbandinscope', 2017, '1985-04-30 00:56:22', '1981-01-14 09:40:41'),
(39, 'Tea processing ', 'Monofinder', 2008, '2001-08-18 13:16:11', '1975-04-16 23:14:21'),
(40, 'Wholesale of flowers and plants', 'Cartcyclader', 2005, '1999-03-02 16:27:53', '1986-02-08 09:40:42'),
(41, 'Manufacture of bodies (coachwork) for motor vehicles, manufacture of trailers and semi-trailers', 'Armbandentor', 2008, '1980-04-05 00:56:22', '1981-01-14 09:40:42'),
(42, 'Life reinsurance ', 'Armleadator', 2019, '1985-04-30 00:56:23', '1970-03-22 23:14:21'),
(43, 'Striking of coins', 'Bilictedgon', 2002, '1980-04-05 00:56:23', '2006-12-30 08:54:27'),
(44, 'Support activities for crop production', 'Amptellopator', 2001, '2006-09-12 13:16:12', '1986-02-08 09:40:43'),
(45, 'Manufacture of machinery for food, beverage and tobacco processing', 'Chartectridge', 2010, '1979-10-12 11:53:50', '2012-07-01 15:45:04'),
(46, 'Retail sale via mail order houses or via Internet', 'Biceivonor', 2011, '2014-01-13 09:40:09', '1981-01-14 09:40:43'),
(47, 'Manufacture of ice cream', 'Tweetcordaquar', 2010, '1994-02-05 16:27:53', '2001-12-05 08:54:27'),
(48, 'Processing and preserving of meat', 'Monocessimentor', 2008, '2019-02-07 09:40:07', '1986-02-08 09:40:44'),
(49, 'Activities of collection agencies ', 'Comcycler', 2007, '2014-01-13 09:40:10', '1975-04-16 23:14:22'),
(50, 'Retail sale of books in specialized stores', 'Tweetbandimphone', 2018, '2001-08-18 13:16:12', '1970-03-22 23:14:22'),
(51, 'Manufacture of breakfast cereals and cereals-based foods', 'Charcycledger', 2003, '1999-03-02 16:27:54', '2006-12-30 08:54:28'),
(52, 'Manufacture of communication equipment (other than telegraph and telephone apparatus and equipment) ', 'Cleantinaqura', 2007, '1974-09-17 11:53:50', '2001-12-05 08:54:28'),
(53, 'Weaving of textiles', 'Subjecter', 2017, '2006-09-12 13:16:13', '1999-03-10 18:33:52'),
(54, 'Wholesale of household goods (other than musical instruments) n.e.c.', 'Playbander', 2018, '1985-04-30 00:56:24', '1994-02-13 18:33:52'),
(55, 'Manufacture of other furniture', 'Tabtopepentor', 2006, '2001-08-18 13:16:13', '2006-12-30 08:54:29'),
(56, 'Activities of unit trusts ', 'Tabtinscope', 2000, '2019-02-07 09:40:08', '2017-07-26 15:45:02'),
(57, 'Non-specialized wholesale trade', 'Readtaer', 2002, '2014-01-13 09:40:11', '1981-01-14 09:40:44'),
(58, 'Wholesale of computers, computer peripheral equipment and software', 'Tweetniator', 2018, '1979-10-12 11:53:51', '1975-04-16 23:14:23'),
(59, 'Growing of tropical and subtropical fruits', 'Tepicklet', 2010, '1974-09-17 11:53:51', '2012-07-01 15:45:05'),
(60, 'Manufacture of other articles of concrete, plaster and cement', 'Speakfindgara', 2007, '2006-09-12 13:16:14', '2017-07-26 15:45:03'),
(61, 'Manufacture of imitation jewellery and related articles', 'Cartleopra', 2016, '2001-08-18 13:16:14', '1999-03-10 18:33:53'),
(62, 'Operation of gravel and sand pits, mining of clays and kaolin', 'Subfindlet', 2011, '2006-09-12 13:16:15', '2001-12-05 08:54:29'),
(63, 'Plastering', 'Charmutedry', 2017, '1980-04-05 00:56:24', '1994-02-13 18:33:53'),
(64, 'Manufacture of agricultural and forestry machinery', 'Monoplottry', 2005, '1985-04-30 00:56:25', '2012-07-01 15:45:06'),
(65, 'Wholesale of metals and metal ores', 'Anfindscope', 2017, '1980-04-05 00:56:25', '2017-07-26 15:45:04'),
(66, 'Other engineering activities n.e.c.', 'Printlifionry', 2017, '2019-02-07 09:40:09', '1986-02-08 09:40:45'),
(67, 'Other activities auxiliary to financial intermediation', 'Charmuter', 2002, '2014-01-13 09:40:12', '2012-07-01 15:45:07'),
(68, 'Publishing of consumer, business and professional journals and periodicals', 'Protopscope', 2020, '2001-08-18 13:16:15', '2017-07-26 15:45:05'),
(69, 'Mining of hard coal', 'Charcordon', 2013, '1985-04-30 00:56:26', '1981-01-14 09:40:45'),
(70, 'Television programming and broadcasting activities', 'Antopor', 2010, '2019-02-07 09:40:10', '1986-02-08 09:40:46'),
(71, 'Manufacture of professional and arcade games and toys ', 'Cartjector', 2003, '2006-09-12 13:16:16', '1970-03-22 23:14:23'),
(72, 'Wholesale of grain, unmanufactured tobacco, seeds and animal feeds', 'Anputscope', 2016, '2014-01-13 09:40:13', '1981-01-14 09:40:46'),
(73, 'Manufacture of sports goods', 'Charculaquon', 2017, '2001-08-18 13:16:16', '2012-07-01 15:45:08'),
(74, 'Silviculture and other forestry activities', 'Rejector', 2017, '1980-04-05 00:56:26', '1999-03-10 18:33:54'),
(75, 'Sound recording and music publishing activities', 'Anceivgaer', 2003, '1994-02-05 16:27:54', '2006-12-30 08:54:30'),
(76, 'Manufacture of other non-distilled fermented beverages', 'Protectefon', 2007, '1985-04-30 00:56:27', '1986-02-08 09:40:47'),
(77, 'Manufacture of sugar confectionery ', 'Proculphone', 2012, '2019-02-07 09:40:11', '1994-02-13 18:33:54'),
(78, 'Other mining and quarrying n.e.c.', 'Comlictfier', 2011, '2014-01-13 09:40:14', '1975-04-16 23:14:24'),
(79, 'Manufacture of carpets and rugs (other than woven or tufted) n.e.c.', 'Tewoofer', 2001, '1980-04-05 00:56:27', '1970-03-22 23:14:24'),
(80, 'Manufacture of wiring devices', 'Transputor', 2017, '1985-04-30 00:56:28', '1981-01-14 09:40:47'),
(81, 'Activities of amusement parks and theme parks', 'Comlifier', 2015, '1980-04-05 00:56:28', '1975-04-16 23:14:25'),
(82, 'Raising of camels and camelids', 'Tabbandfier', 2020, '2019-02-07 09:40:12', '1970-03-22 23:14:25'),
(83, 'Wholesale of wine, beer, spirits and other alcoholic beverages', 'Tabculaquator', 2006, '1985-04-30 00:56:29', '1975-04-16 23:14:26'),
(84, 'Wholesale of clothing and footwear', 'Printpickadlet', 2013, '1980-04-05 00:56:29', '2001-12-05 08:54:30'),
(85, 'Manufacture of printing ink', 'Supcordon', 2003, '1999-03-02 16:27:55', '1986-02-08 09:40:48'),
(86, 'Raising of sheep and goats', 'Armtafiar', 2002, '2014-01-13 09:40:15', '2006-12-30 08:54:31'),
(87, 'Manufacture of dyes and pigments', 'Tetary', 2012, '2019-02-07 09:40:13', '2017-07-26 15:45:06'),
(88, 'Wholesale of agricultural machinery, equipment and supplies', 'Ampbandgaer', 2008, '2006-09-12 13:16:17', '1981-01-14 09:40:48'),
(89, 'Manufacture of other food products n.e.c.', 'Comcordentor', 2009, '1985-04-30 00:56:30', '1986-02-08 09:40:49'),
(90, 'Manufacture of other chemical products n.e.c.', 'Readholdexon', 2020, '2014-01-13 09:40:16', '2012-07-01 15:45:09'),
(91, 'Wholesale of fruit and vegetable juices, mineral waters and soft drinks', 'Comleewator', 2019, '1979-10-12 11:53:52', '1970-03-22 23:14:26'),
(92, 'Building and industrial cleaning activities n.e.c.', 'Tweettinar', 2000, '2019-02-07 09:40:14', '2017-07-26 15:45:07'),
(93, 'Agents involved in the sale of timber and building materials', 'Tabmutewer', 2008, '2001-08-18 13:16:17', '2012-07-01 15:45:10'),
(94, 'Manufacture of concrete products for construction purposes', 'Cleanleer', 2016, '1974-09-17 11:53:52', '2017-07-26 15:45:08'),
(95, 'Growing of tobacco', 'Subculonscope', 2005, '1979-10-12 11:53:53', '2001-12-05 08:54:31'),
(96, 'Agents involved in the sale of textiles, clothing, fur, footwear and leather goods', 'Cabcesser', 2004, '1994-02-05 16:27:55', '2012-07-01 15:45:11'),
(97, 'Gathering of wild growing non-wood products', 'Monocordinentor', 2010, '1980-04-05 00:56:30', '2017-07-26 15:45:09'),
(98, 'Other photographic activities (not including portrait and other specialist photography and film processing) n.e.c.', 'Cabcycler', 2005, '1985-04-30 00:56:31', '1981-01-14 09:40:49'),
(99, 'Computer facilities management activities', 'Cabceivra', 2009, '2006-09-12 13:16:18', '2006-12-30 08:54:32'),
(100, 'Quarrying of ornamental and building stone, limestone, gypsum, chalk and slate', 'Playtellfientor', 2014, '1999-03-02 16:27:56', '2001-12-05 08:54:32');

--
-- Вставка данных в таблицу User
--
INSERT INTO User(Id, UserName, Email, Created, Updated) VALUES
(1, 'Abreu2022', 'DeeannaAbreu59@example.com', '1985-07-19 18:50:29', '1997-03-21 18:36:49'),
(2, 'Cathey1980', 'ZonaAmaral638@nowhere.com', '1997-10-10 22:01:22', '2014-08-24 21:48:01'),
(3, 'Aleta1980', 'Addison@example.com', '1979-08-04 20:29:08', '1992-02-25 18:36:49'),
(4, 'Melba2', 'Abney88@nowhere.com', '2017-11-24 00:57:07', '1970-01-01 00:00:01'),
(5, 'Vanessa1985', 'Nicolette_Flores98@nowhere.com', '1980-06-24 18:50:29', '1997-03-21 18:36:50'),
(6, 'Wolf35', 'qjjvmdzc5602@example.com', '1992-09-15 22:01:22', '1975-01-26 00:00:02'),
(7, 'Gala2015', 'AldaTitus@example.com', '2002-02-14 17:28:18', '1992-02-25 18:36:50'),
(8, 'Buster45', 'Amaya@example.com', '1974-07-10 20:29:08', '2000-09-13 12:31:56'),
(9, 'Aiko86', 'AustinClinton@example.com', '2012-10-30 00:57:10', '1997-03-21 18:36:51'),
(10, 'Abel614', 'crfipqej_kmjfuiub@example.com', '2007-03-11 17:28:19', '1992-02-25 18:36:51'),
(11, 'Alayna2019', 'Paquette664@nowhere.com', '1997-10-10 22:01:23', '1970-01-01 00:00:02'),
(12, 'Kidd798', 'AlexanderTowns@example.com', '2002-02-14 17:28:19', '1975-01-26 00:00:03'),
(13, 'Gilliam1978', 'MalcomQBourgeois8@nowhere.com', '1992-09-15 22:01:23', '1985-06-05 11:11:00'),
(14, 'Adam2004', 'Dion.Alger@example.com', '2007-03-11 17:28:20', '2005-10-08 12:31:57'),
(15, 'Allan7', 'Abigail.Isaacson@example.com', '1979-08-04 20:29:09', '1997-03-21 18:36:52'),
(16, 'Chadwick1985', 'ColeenAngulo327@example.com', '1997-10-10 22:01:24', '2000-09-13 12:31:57'),
(17, 'Ronna2017', 'Gilson@example.com', '2017-11-24 00:57:08', '2005-10-08 12:31:58'),
(18, 'Abernathy67', 'Gaither829@nowhere.com', '2002-02-14 17:28:20', '1970-01-01 00:00:03'),
(19, 'Delma524', 'Harrell429@example.com', '1992-09-15 22:01:24', '1975-01-26 00:00:04'),
(20, 'Abbott438', 'Felisha.Alonzo@example.com', '2007-03-11 17:28:21', '1980-05-11 11:11:00'),
(21, 'Abel1954', 'AuraCrooks@example.com', '2012-10-30 00:57:11', '1970-01-01 00:00:04'),
(22, 'Addie2008', 'Shanice_Bumgarner9@nowhere.com', '2002-02-14 17:28:21', '1985-06-05 11:11:01'),
(23, 'Keiko2009', 'Lemmon996@example.com', '1974-07-10 20:29:09', '1992-02-25 18:36:52'),
(24, 'Moya1955', 'Collazo@example.com', '1985-07-19 18:50:30', '2019-09-18 21:47:59'),
(25, 'Arica2023', 'Roden@example.com', '1979-08-04 20:29:10', '2014-08-24 21:48:02'),
(26, 'Cameron372', 'Walton@nowhere.com', '1974-07-10 20:29:10', '1980-05-11 11:11:01'),
(27, 'Digna489', 'Daren_Patten@example.com', '1980-06-24 18:50:30', '2019-09-18 21:48:00'),
(28, 'Kassie2', 'Sherley.Boehm663@example.com', '2017-11-24 00:57:09', '2000-09-13 12:31:58'),
(29, 'Pacheco2001', 'Landon.Shephard1@nowhere.com', '1985-07-19 18:50:31', '2005-10-08 12:31:59'),
(30, 'Emeline1963', 'ErnestineAleman@example.com', '1979-08-04 20:29:11', '1975-01-26 00:00:05'),
(31, 'Crenshaw2022', 'DeneseMuniz4@example.com', '1974-07-10 20:29:11', '2014-08-24 21:48:03'),
(32, 'Isiah753', 'HaydenDallas@example.com', '2012-10-30 00:57:12', '2000-09-13 12:31:59'),
(33, 'Carlson148', 'Brianna.Mcgrath@nowhere.com', '1997-10-10 22:01:25', '1985-06-05 11:11:02'),
(34, 'Kendall881', 'VirginiaRosen@example.com', '2017-11-24 00:57:10', '1997-03-21 18:36:53'),
(35, 'Nestor1953', 'NelidaAcosta@example.com', '2012-10-30 00:57:13', '1980-05-11 11:11:02'),
(36, 'Abbie771', 'Ruff14@example.com', '1979-08-04 20:29:12', '1970-01-01 00:00:05'),
(37, 'Amelia1964', 'HaroldLedesma@nowhere.com', '1980-06-24 18:50:31', '2005-10-08 12:32:00'),
(38, 'Izola457', 'Crisp18@nowhere.com', '2007-03-11 17:28:22', '1975-01-26 00:00:06'),
(39, 'Emmanuel1961', 'pdcw1967@example.com', '2017-11-24 00:57:11', '1985-06-05 11:11:03'),
(40, 'Royal678', 'Leavitt@nowhere.com', '1992-09-15 22:01:25', '2019-09-18 21:48:01'),
(41, 'Abrams1986', 'Barela997@example.com', '2012-10-30 00:57:14', '1980-05-11 11:11:03'),
(42, 'Mcnally2007', 'Adan.August@example.com', '1974-07-10 20:29:12', '1985-06-05 11:11:04'),
(43, 'Cleopatra1', 'Ambrose_Adcock@example.com', '1997-10-10 22:01:26', '2000-09-13 12:32:00'),
(44, 'Schaefer237', 'BuckAllman643@example.com', '1985-07-19 18:50:32', '1992-02-25 18:36:53'),
(45, 'Tyisha1988', 'Parrott49@example.com', '1980-06-24 18:50:32', '1997-03-21 18:36:54'),
(46, 'Sanford125', 'odnhj3@nowhere.com', '1985-07-19 18:50:33', '1992-02-25 18:36:54'),
(47, 'Bonilla59', 'ElidaGreenfield53@example.com', '1992-09-15 22:01:26', '2014-08-24 21:48:04'),
(48, 'Saucedo9', 'LawerenceYang5@example.com', '2017-11-24 00:57:12', '2019-09-18 21:48:02'),
(49, 'Doty81', 'Bert.Gibbs37@example.com', '2012-10-30 00:57:15', '1980-05-11 11:11:04'),
(50, 'Nathaniel1', 'WillisRoyster66@example.com', '1980-06-24 18:50:33', '1997-03-21 18:36:55'),
(51, 'Marshall85', 'MyronN.Aguiar@example.com', '1985-07-19 18:50:34', '1985-06-05 11:11:05'),
(52, 'Chas2029', 'KaciKilgore43@example.com', '1997-10-10 22:01:27', '1992-02-25 18:36:55'),
(53, 'Toccara882', 'Marino@example.com', '1979-08-04 20:29:13', '1970-01-01 00:00:06'),
(54, 'Quinton4', 'Quigley339@example.com', '2002-02-14 17:28:22', '1975-01-26 00:00:07'),
(55, 'Georgiana2024', 'EldenY_Hassell@example.com', '1992-09-15 22:01:27', '2005-10-08 12:32:01'),
(56, 'Sophia358', 'wowu7406@example.com', '1974-07-10 20:29:13', '1970-01-01 00:00:07'),
(57, 'Abrams17', 'Lowry71@example.com', '1980-06-24 18:50:34', '2014-08-24 21:48:05'),
(58, 'Domenic176', 'anic0795@example.com', '1979-08-04 20:29:14', '2000-09-13 12:32:01'),
(59, 'Charise86', 'Jewett@nowhere.com', '1974-07-10 20:29:14', '1980-05-11 11:11:05'),
(60, 'Taylor1967', 'Andersen141@example.com', '1985-07-19 18:50:35', '1985-06-05 11:11:06'),
(61, 'Petronila1', 'MelAllan418@example.com', '1997-10-10 22:01:28', '2019-09-18 21:48:03'),
(62, 'Bud548', 'VernitaAlbrecht@example.com', '1992-09-15 22:01:28', '2014-08-24 21:48:06'),
(63, 'Pettigrew89', 'Waite977@example.com', '1997-10-10 22:01:29', '1975-01-26 00:00:08'),
(64, 'Abel1997', 'Her@example.com', '2017-11-24 00:57:13', '2005-10-08 12:32:02'),
(65, 'Sidney962', 'RandalBivens@example.com', '2012-10-30 00:57:16', '1970-01-01 00:00:08'),
(66, 'Buddy2015', 'Krieger@example.com', '2017-11-24 00:57:14', '1997-03-21 18:36:56'),
(67, 'Christa69', 'Jordan982@example.com', '1980-06-24 18:50:35', '2000-09-13 12:32:02'),
(68, 'Alonzo1953', 'Berta_Jansen732@nowhere.com', '1985-07-19 18:50:36', '1975-01-26 00:00:09'),
(69, 'Paterson2028', 'LukeHerrera@example.com', '2007-03-11 17:28:23', '1992-02-25 18:36:56'),
(70, 'Agee77', 'Wiese51@example.com', '1980-06-24 18:50:36', '1980-05-11 11:11:06'),
(71, 'Diedre21', 'Markus_Garland@nowhere.com', '1992-09-15 22:01:29', '2019-09-18 21:48:04'),
(72, 'Effie1998', 'BorisTownsend@nowhere.com', '1985-07-19 18:50:37', '2005-10-08 12:32:03'),
(73, 'Aleshia296', 'Aileen_Folse7@example.com', '1979-08-04 20:29:15', '1997-03-21 18:36:57'),
(74, 'Moore535', 'RolandoT.Barth412@nowhere.com', '1980-06-24 18:50:37', '1992-02-25 18:36:57'),
(75, 'Oshea1952', 'MelissaCastillo@example.com', '1974-07-10 20:29:15', '1970-01-01 00:00:09'),
(76, 'Brenda61', 'AdalbertoOlmstead@example.com', '1979-08-04 20:29:16', '1985-06-05 11:11:07'),
(77, 'Conn2028', 'Anglin2@example.com', '1985-07-19 18:50:38', '1997-03-21 18:36:58'),
(78, 'Dillon497', 'Dodson@nowhere.com', '2002-02-14 17:28:23', '1980-05-11 11:11:07'),
(79, 'Cori2010', 'Adams9@nowhere.com', '1980-06-24 18:50:38', '1975-01-26 00:00:10'),
(80, 'Adolfo14', 'Slaton@example.com', '1985-07-19 18:50:39', '1985-06-05 11:11:08'),
(81, 'Robert1984', 'Salvatore_Nettles4@example.com', '2012-10-30 00:57:17', '2014-08-24 21:48:07'),
(82, 'Eusebio1960', 'Bradley@nowhere.com', '2007-03-11 17:28:24', '2019-09-18 21:48:05'),
(83, 'Mathis5', 'KayceAndrews@nowhere.com', '1997-10-10 22:01:30', '1980-05-11 11:11:08'),
(84, 'Elias1960', 'Dew@example.com', '1992-09-15 22:01:30', '1992-02-25 18:36:58'),
(85, 'Margarete465', 'Estes@example.com', '1974-07-10 20:29:16', '2000-09-13 12:32:03'),
(86, 'Mcfarland794', 'IvoryByrnes4@example.com', '1997-10-10 22:01:31', '1985-06-05 11:11:09'),
(87, 'Rene1951', 'Pickens374@example.com', '1980-06-24 18:50:39', '2005-10-08 12:32:04'),
(88, 'Abrams695', 'Salinas@example.com', '1979-08-04 20:29:17', '2000-09-13 12:32:04'),
(89, 'Kelsey2019', 'BiancaBruns67@example.com', '1974-07-10 20:29:17', '2014-08-24 21:48:08'),
(90, 'Schiller1993', 'Owen.Velasquez34@nowhere.com', '1985-07-19 18:50:40', '1980-05-11 11:11:09'),
(91, 'Curley2012', 'tqgmfdbu9804@example.com', '1979-08-04 20:29:18', '1970-01-01 00:00:10'),
(92, 'Indira42', 'edfxxrwm5005@example.com', '1980-06-24 18:50:40', '2005-10-08 12:32:05'),
(93, 'Adela1992', 'Adela_Giron@example.com', '2002-02-14 17:28:24', '2019-09-18 21:48:06'),
(94, 'Haines834', 'Richie.Duval@example.com', '1974-07-10 20:29:18', '2014-08-24 21:48:09'),
(95, 'Shelton126', 'ColtonZ.Speer272@example.com', '1985-07-19 18:50:41', '1985-06-05 11:11:10'),
(96, 'Blalock28', 'AgnesTyler884@nowhere.com', '1980-06-24 18:50:41', '1997-03-21 18:36:59'),
(97, 'Woodrow665', 'Joan.Weaver@example.com', '1992-09-15 22:01:31', '2000-09-13 12:32:05'),
(98, 'Carr2005', 'Goldie_Mathews@example.com', '2017-11-24 00:57:15', '1992-02-25 18:36:59'),
(99, 'Ignacio991', 'CliftonRatliff@example.com', '2007-03-11 17:28:25', '2005-10-08 12:32:06'),
(100, 'Abel2023', 'Carrier2@example.com', '1985-07-19 18:50:42', '1997-03-21 18:37:00');

--
-- Вставка данных в таблицу FavoriteFilms
--
INSERT INTO FavoriteFilms(UserId, MovieId, Created) VALUES
(97, 97, '1990-04-02 16:49:21'),
(17, 17, '2000-04-17 18:16:06'),
(41, 41, '1977-04-11 06:15:50'),
(7, 7, '2013-11-14 05:04:02'),
(55, 55, '2005-05-27 18:54:37'),
(100, 100, '1995-03-24 18:16:06'),
(90, 90, '2018-12-09 05:04:00'),
(98, 98, '2000-04-17 18:16:07'),
(91, 91, '2013-11-14 05:04:03'),
(45, 45, '1995-03-24 18:16:07'),
(31, 31, '2018-12-09 05:04:01'),
(42, 42, '2010-06-21 18:54:38'),
(82, 82, '2000-04-17 18:16:08'),
(32, 32, '2013-11-14 05:04:04'),
(22, 22, '2018-12-09 05:04:02'),
(99, 99, '1995-03-24 18:16:08'),
(33, 33, '1972-03-17 06:15:50'),
(72, 72, '2000-04-17 18:16:09'),
(83, 83, '1985-03-08 16:49:21'),
(92, 92, '2013-11-14 05:04:05'),
(56, 56, '2018-12-09 05:04:03'),
(46, 46, '1977-04-11 06:15:51'),
(85, 85, '1990-04-02 16:49:22'),
(18, 18, '2013-11-14 05:04:06'),
(57, 57, '2018-12-09 05:04:04'),
(23, 23, '1972-03-17 06:15:51'),
(34, 34, '1977-04-11 06:15:52'),
(47, 47, '2005-05-27 18:54:38'),
(73, 73, '1985-03-08 16:49:22'),
(84, 84, '2013-11-14 05:04:07'),
(24, 24, '2018-12-09 05:04:05'),
(93, 93, '1990-04-02 16:49:23'),
(8, 8, '1995-03-24 18:16:09'),
(74, 74, '1985-03-08 16:49:23'),
(64, 64, '2010-06-21 18:54:39'),
(58, 58, '2000-04-17 18:16:10'),
(75, 75, '1972-03-17 06:15:52'),
(35, 35, '1995-03-24 18:16:10'),
(25, 25, '2013-11-14 05:04:08'),
(19, 19, '2005-05-27 18:54:39'),
(86, 86, '2018-12-09 05:04:06'),
(94, 94, '1990-04-02 16:49:24'),
(65, 65, '2010-06-21 18:54:40'),
(76, 76, '2000-04-17 18:16:11'),
(9, 9, '2013-11-14 05:04:09'),
(48, 48, '2005-05-27 18:54:40'),
(87, 87, '1977-04-11 06:15:53'),
(95, 95, '1985-03-08 16:49:24'),
(88, 88, '1995-03-24 18:16:11'),
(66, 66, '1990-04-02 16:49:25'),
(96, 96, '1985-03-08 16:49:25'),
(59, 59, '2010-06-21 18:54:41'),
(49, 49, '2005-05-27 18:54:41'),
(20, 20, '1990-04-02 16:49:26'),
(36, 36, '2018-12-09 05:04:07'),
(77, 77, '1985-03-08 16:49:26'),
(26, 26, '2010-06-21 18:54:42'),
(10, 10, '2000-04-17 18:16:12'),
(89, 89, '2013-11-14 05:04:10'),
(67, 67, '1990-04-02 16:49:27'),
(60, 60, '1995-03-24 18:16:12'),
(21, 21, '2000-04-17 18:16:13'),
(50, 50, '2005-05-27 18:54:42'),
(78, 78, '1995-03-24 18:16:13'),
(11, 11, '2010-06-21 18:54:43'),
(1, 1, '1985-03-08 16:49:27'),
(12, 12, '1972-03-17 06:15:53'),
(61, 61, '2018-12-09 05:04:08'),
(68, 68, '2013-11-14 05:04:11'),
(2, 2, '2000-04-17 18:16:14'),
(13, 13, '2005-05-27 18:54:43'),
(37, 37, '1990-04-02 16:49:28'),
(51, 51, '2010-06-21 18:54:44'),
(79, 79, '2018-12-09 05:04:09'),
(62, 62, '1985-03-08 16:49:28'),
(69, 69, '1990-04-02 16:49:29'),
(27, 27, '2005-05-27 18:54:44'),
(80, 80, '1977-04-11 06:15:54'),
(70, 70, '1995-03-24 18:16:14'),
(3, 3, '2010-06-21 18:54:45'),
(38, 38, '1985-03-08 16:49:29'),
(52, 52, '1972-03-17 06:15:54'),
(14, 14, '1990-04-02 16:49:30'),
(81, 81, '2013-11-14 05:04:12'),
(63, 63, '2000-04-17 18:16:15'),
(28, 28, '1985-03-08 16:49:30'),
(71, 71, '2018-12-09 05:04:10'),
(39, 39, '2013-11-14 05:04:13'),
(4, 4, '2005-05-27 18:54:45'),
(15, 15, '2018-12-09 05:04:11'),
(53, 53, '1990-04-02 16:49:31'),
(29, 29, '1985-03-08 16:49:31'),
(43, 43, '1990-04-02 16:49:32'),
(40, 40, '1995-03-24 18:16:15'),
(54, 54, '1985-03-08 16:49:32'),
(5, 5, '1990-04-02 16:49:33'),
(44, 44, '2000-04-17 18:16:16'),
(16, 16, '1995-03-24 18:16:16'),
(6, 6, '1985-03-08 16:49:33'),
(30, 30, '1977-04-11 06:15:55');

--
-- Вставка данных в таблицу MovieCountry
--
INSERT INTO MovieCountry(MovieId, CountryId, Created) VALUES
(27, 37, '1978-11-18 20:52:54'),
(10, 10, '2013-02-18 01:04:39'),
(33, 33, '2003-10-11 01:37:41'),
(26, 26, '2018-03-15 01:04:37'),
(93, 3, '1980-06-28 22:15:02'),
(50, 60, '1973-10-24 20:52:54'),
(40, 50, '1997-01-15 17:25:43'),
(28, 38, '2008-11-04 01:37:42'),
(41, 51, '1991-12-22 17:25:43'),
(78, 78, '1978-11-18 20:52:55'),
(49, 49, '2003-10-11 01:37:42'),
(34, 34, '1997-01-15 17:25:44'),
(95, 5, '2013-02-18 01:04:40'),
(50, 50, '1991-12-22 17:25:44'),
(35, 35, '2018-03-15 01:04:38'),
(29, 39, '2008-11-04 01:37:43'),
(51, 51, '1997-01-15 17:25:45'),
(11, 21, '2013-02-18 01:04:41'),
(96, 6, '1991-12-22 17:25:45'),
(42, 52, '2003-10-11 01:37:43'),
(63, 63, '2018-03-15 01:04:39'),
(79, 79, '1973-10-24 20:52:55'),
(30, 40, '1997-01-15 17:25:46'),
(11, 11, '1985-07-23 22:15:03'),
(64, 64, '1991-12-22 17:25:46'),
(36, 36, '2008-11-04 01:37:44'),
(52, 52, '1997-01-15 17:25:47'),
(80, 80, '1991-12-22 17:25:47'),
(12, 22, '2003-10-11 01:37:44'),
(97, 7, '2008-11-04 01:37:45'),
(37, 37, '1980-06-28 22:15:03'),
(43, 53, '2003-10-11 01:37:45'),
(27, 27, '1978-11-18 20:52:56'),
(13, 23, '1985-07-23 22:15:04'),
(98, 8, '1997-01-15 17:25:48'),
(65, 65, '1980-06-28 22:15:04'),
(14, 24, '2013-02-18 01:04:42'),
(53, 53, '2008-11-04 01:37:46'),
(38, 38, '1973-10-24 20:52:56'),
(12, 12, '1991-12-22 17:25:48'),
(31, 41, '1997-01-15 17:25:49'),
(44, 54, '1985-07-23 22:15:05'),
(99, 9, '1978-11-18 20:52:57'),
(15, 25, '1991-12-22 17:25:49'),
(28, 28, '1997-01-15 17:25:50'),
(81, 81, '1991-12-22 17:25:50'),
(32, 42, '2003-10-11 01:37:46'),
(45, 55, '2008-11-04 01:37:47'),
(33, 43, '2018-03-15 01:04:40'),
(100, 10, '2013-02-18 01:04:43'),
(46, 56, '2003-10-11 01:37:47'),
(66, 66, '2018-03-15 01:04:41'),
(82, 82, '1973-10-24 20:52:57'),
(13, 13, '2013-02-18 01:04:44'),
(54, 54, '1980-06-28 22:15:05'),
(16, 26, '1997-01-15 17:25:51'),
(39, 39, '2008-11-04 01:37:48'),
(29, 29, '1985-07-23 22:15:06'),
(34, 44, '2018-03-15 01:04:42'),
(1, 11, '2003-10-11 01:37:48'),
(67, 67, '1991-12-22 17:25:51'),
(14, 14, '2013-02-18 01:04:45'),
(47, 57, '1997-01-15 17:25:52'),
(83, 83, '2008-11-04 01:37:49'),
(35, 45, '2003-10-11 01:37:49'),
(30, 30, '1978-11-18 20:52:58'),
(15, 15, '1980-06-28 22:15:06'),
(31, 31, '2018-03-15 01:04:43'),
(17, 27, '2013-02-18 01:04:46'),
(48, 58, '1991-12-22 17:25:52'),
(55, 55, '1973-10-24 20:52:58'),
(16, 16, '2008-11-04 01:37:50'),
(40, 40, '1978-11-18 20:52:59'),
(68, 68, '1997-01-15 17:25:53'),
(36, 46, '1991-12-22 17:25:53'),
(84, 84, '1973-10-24 20:52:59'),
(49, 59, '1978-11-18 20:53:00'),
(56, 56, '2003-10-11 01:37:50'),
(37, 47, '2008-11-04 01:37:51'),
(25, 35, '1985-07-23 22:15:07'),
(41, 41, '2003-10-11 01:37:51'),
(57, 57, '1980-06-28 22:15:07'),
(2, 12, '2018-03-15 01:04:44'),
(1, 1, '1985-07-23 22:15:08'),
(18, 28, '2013-02-18 01:04:47'),
(3, 13, '1997-01-15 17:25:54'),
(42, 42, '1973-10-24 20:53:00'),
(38, 48, '2018-03-15 01:04:45'),
(69, 69, '1980-06-28 22:15:08'),
(17, 17, '1985-07-23 22:15:09'),
(58, 58, '1978-11-18 20:53:01'),
(19, 29, '2013-02-18 01:04:48'),
(43, 43, '2008-11-04 01:37:52'),
(4, 14, '1973-10-24 20:53:01'),
(85, 85, '2018-03-15 01:04:46'),
(26, 36, '1978-11-18 20:53:02'),
(39, 49, '1980-06-28 22:15:09'),
(2, 2, '1973-10-24 20:53:02'),
(20, 30, '2013-02-18 01:04:49'),
(18, 18, '1991-12-22 17:25:54'),
(59, 59, '1978-11-18 20:53:03'),
(44, 44, '2003-10-11 01:37:52'),
(3, 3, '1985-07-23 22:15:10'),
(60, 60, '1980-06-28 22:15:10'),
(5, 15, '2018-03-15 01:04:47'),
(45, 45, '1973-10-24 20:53:03'),
(21, 31, '1978-11-18 20:53:04'),
(61, 61, '1997-01-15 17:25:55'),
(70, 70, '2013-02-18 01:04:50'),
(6, 16, '2008-11-04 01:37:53'),
(22, 32, '1973-10-24 20:53:04'),
(19, 19, '1985-07-23 22:15:11'),
(7, 17, '2003-10-11 01:37:53'),
(46, 46, '1980-06-28 22:15:11'),
(62, 62, '1991-12-22 17:25:55'),
(47, 47, '2018-03-15 01:04:48'),
(23, 33, '1997-01-15 17:25:56'),
(8, 18, '2013-02-18 01:04:51'),
(4, 4, '2018-03-15 01:04:49'),
(86, 86, '1985-07-23 22:15:12'),
(32, 32, '1980-06-28 22:15:12'),
(71, 71, '1991-12-22 17:25:56'),
(48, 48, '2008-11-04 01:37:54'),
(87, 87, '2013-02-18 01:04:52'),
(72, 72, '1985-07-23 22:15:13'),
(88, 88, '2018-03-15 01:04:50'),
(73, 73, '1980-06-28 22:15:13'),
(20, 20, '2013-02-18 01:04:53'),
(5, 5, '2018-03-15 01:04:51'),
(89, 89, '1985-07-23 22:15:14'),
(24, 34, '1997-01-15 17:25:57'),
(74, 74, '2013-02-18 01:04:54'),
(9, 19, '2003-10-11 01:37:54'),
(94, 4, '2018-03-15 01:04:52'),
(10, 20, '2008-11-04 01:37:55'),
(90, 90, '2003-10-11 01:37:55'),
(75, 75, '1978-11-18 20:53:05'),
(21, 21, '2008-11-04 01:37:56'),
(6, 6, '1980-06-28 22:15:14'),
(91, 1, '2003-10-11 01:37:56'),
(76, 76, '2013-02-18 01:04:55'),
(22, 22, '1985-07-23 22:15:15'),
(7, 7, '2008-11-04 01:37:57'),
(92, 2, '2018-03-15 01:04:53'),
(23, 23, '1973-10-24 20:53:05'),
(8, 8, '1980-06-28 22:15:15'),
(24, 24, '1985-07-23 22:15:16'),
(9, 9, '2013-02-18 01:04:56'),
(25, 25, '1991-12-22 17:25:57'),
(77, 77, '2003-10-11 01:37:57');

--
-- Вставка данных в таблицу MovieGenre
--
INSERT INTO MovieGenre(MovieId, GenreId, Created) VALUES
(27, 7, '2003-10-02 10:45:14'),
(10, 10, '2014-05-26 23:05:47'),
(33, 13, '1977-12-26 05:52:04'),
(26, 6, '1994-05-31 01:46:43'),
(93, 13, '2008-10-26 10:45:15'),
(50, 10, '1999-06-25 01:46:44'),
(40, 20, '2019-06-20 23:05:45'),
(28, 8, '1985-03-04 13:24:47'),
(41, 1, '1990-03-29 13:24:48'),
(78, 18, '2003-10-02 10:45:15'),
(49, 9, '1985-03-04 13:24:48'),
(34, 14, '2014-05-26 23:05:48'),
(95, 15, '1972-12-01 05:52:04'),
(50, 10, '1994-05-31 01:46:44'),
(35, 15, '2008-10-26 10:45:16'),
(29, 9, '2019-06-20 23:05:46'),
(51, 11, '1977-12-26 05:52:05'),
(11, 11, '1999-06-25 01:46:45'),
(96, 16, '1994-05-31 01:46:45'),
(42, 2, '2014-05-26 23:05:49'),
(63, 3, '1999-06-25 01:46:46'),
(79, 19, '1990-03-29 13:24:49'),
(30, 10, '2019-06-20 23:05:47'),
(11, 11, '2003-10-02 10:45:16'),
(64, 4, '1994-05-31 01:46:46'),
(36, 16, '2008-10-26 10:45:17'),
(52, 12, '1985-03-04 13:24:49'),
(80, 20, '1990-03-29 13:24:50'),
(12, 12, '1972-12-01 05:52:05'),
(97, 17, '1977-12-26 05:52:06'),
(37, 17, '2014-05-26 23:05:50'),
(43, 3, '1972-12-01 05:52:06'),
(27, 7, '1999-06-25 01:46:47'),
(13, 13, '1994-05-31 01:46:47'),
(98, 18, '1985-03-04 13:24:50'),
(65, 5, '2019-06-20 23:05:48'),
(14, 14, '1999-06-25 01:46:48'),
(53, 13, '2003-10-02 10:45:17'),
(38, 18, '1994-05-31 01:46:48'),
(12, 12, '2014-05-26 23:05:51'),
(31, 11, '1977-12-26 05:52:07'),
(44, 4, '2019-06-20 23:05:49'),
(99, 19, '1990-03-29 13:24:51'),
(15, 15, '2008-10-26 10:45:18'),
(28, 8, '1985-03-04 13:24:51'),
(81, 1, '1990-03-29 13:24:52'),
(32, 12, '1972-12-01 05:52:07'),
(45, 5, '1999-06-25 01:46:49'),
(33, 13, '1977-12-26 05:52:08'),
(100, 20, '1972-12-01 05:52:08'),
(46, 6, '1994-05-31 01:46:49'),
(66, 6, '1977-12-26 05:52:09'),
(82, 2, '2003-10-02 10:45:18'),
(13, 13, '1972-12-01 05:52:09'),
(54, 14, '1999-06-25 01:46:50'),
(16, 16, '2008-10-26 10:45:19'),
(39, 19, '1985-03-04 13:24:52'),
(29, 9, '1990-03-29 13:24:53'),
(34, 14, '1994-05-31 01:46:50'),
(1, 1, '1999-06-25 01:46:51'),
(67, 7, '2014-05-26 23:05:52'),
(14, 14, '1985-03-04 13:24:53'),
(47, 7, '2003-10-02 10:45:19'),
(83, 3, '2019-06-20 23:05:50'),
(35, 15, '2014-05-26 23:05:53'),
(30, 10, '1977-12-26 05:52:10'),
(15, 15, '2019-06-20 23:05:51'),
(31, 11, '1994-05-31 01:46:51'),
(17, 17, '1972-12-01 05:52:10'),
(48, 8, '1990-03-29 13:24:54'),
(55, 15, '1999-06-25 01:46:52'),
(16, 16, '2008-10-26 10:45:20'),
(40, 20, '2003-10-02 10:45:20'),
(68, 8, '1994-05-31 01:46:52'),
(36, 16, '2014-05-26 23:05:54'),
(84, 4, '1999-06-25 01:46:53'),
(49, 9, '2008-10-26 10:45:21'),
(56, 16, '1977-12-26 05:52:11'),
(37, 17, '2019-06-20 23:05:52'),
(25, 5, '1985-03-04 13:24:54'),
(41, 1, '1972-12-01 05:52:11'),
(57, 17, '2014-05-26 23:05:55'),
(2, 2, '2019-06-20 23:05:53'),
(1, 1, '1990-03-29 13:24:55'),
(18, 18, '1994-05-31 01:46:53'),
(3, 3, '1985-03-04 13:24:55'),
(42, 2, '1990-03-29 13:24:56'),
(38, 18, '1977-12-26 05:52:12'),
(69, 9, '2014-05-26 23:05:56'),
(17, 17, '1972-12-01 05:52:12'),
(58, 18, '2019-06-20 23:05:54'),
(19, 19, '1985-03-04 13:24:56'),
(43, 3, '1990-03-29 13:24:57'),
(4, 4, '1985-03-04 13:24:57'),
(85, 5, '1999-06-25 01:46:54'),
(26, 6, '1990-03-29 13:24:58'),
(39, 19, '1977-12-26 05:52:13'),
(2, 2, '2014-05-26 23:05:57'),
(20, 20, '2003-10-02 10:45:21'),
(18, 18, '1985-03-04 13:24:58'),
(59, 19, '2008-10-26 10:45:22'),
(44, 4, '2003-10-02 10:45:22'),
(3, 3, '1972-12-01 05:52:13'),
(60, 20, '1994-05-31 01:46:54'),
(5, 5, '1999-06-25 01:46:55'),
(45, 5, '1977-12-26 05:52:14'),
(21, 1, '1990-03-29 13:24:59'),
(61, 1, '1972-12-01 05:52:14'),
(70, 10, '2008-10-26 10:45:23'),
(6, 6, '1977-12-26 05:52:15'),
(22, 2, '2003-10-02 10:45:23'),
(19, 19, '1972-12-01 05:52:15'),
(7, 7, '1977-12-26 05:52:16'),
(46, 6, '1972-12-01 05:52:16'),
(62, 2, '1994-05-31 01:46:55'),
(47, 7, '1977-12-26 05:52:17'),
(23, 3, '1985-03-04 13:24:59'),
(8, 8, '2019-06-20 23:05:55'),
(4, 4, '1972-12-01 05:52:17'),
(86, 6, '1999-06-25 01:46:56'),
(32, 12, '2014-05-26 23:05:58'),
(71, 11, '1990-03-29 13:25:00'),
(48, 8, '2008-10-26 10:45:24'),
(87, 7, '2003-10-02 10:45:24'),
(72, 12, '2019-06-20 23:05:56'),
(88, 8, '2008-10-26 10:45:25'),
(73, 13, '1977-12-26 05:52:18'),
(20, 20, '1972-12-01 05:52:18'),
(5, 5, '2014-05-26 23:05:59'),
(89, 9, '2019-06-20 23:05:57'),
(24, 4, '1985-03-04 13:25:00'),
(74, 14, '1990-03-29 13:25:01'),
(9, 9, '1994-05-31 01:46:56'),
(94, 14, '2014-05-26 23:06:00'),
(10, 10, '2019-06-20 23:05:58'),
(90, 10, '2003-10-02 10:45:25'),
(75, 15, '1999-06-25 01:46:57'),
(21, 1, '2008-10-26 10:45:26'),
(6, 6, '2014-05-26 23:06:01'),
(91, 11, '2003-10-02 10:45:26'),
(76, 16, '2008-10-26 10:45:27'),
(22, 2, '1994-05-31 01:46:57'),
(7, 7, '1999-06-25 01:46:58'),
(92, 12, '2019-06-20 23:05:59'),
(23, 3, '2014-05-26 23:06:02'),
(8, 8, '1994-05-31 01:46:58'),
(24, 4, '2019-06-20 23:06:00'),
(9, 9, '1999-06-25 01:46:59'),
(25, 5, '1977-12-26 05:52:19'),
(77, 17, '1985-03-04 13:25:01');

--
-- Вставка данных в таблицу MovieRating
--
INSERT INTO MovieRating(UserId, MovieId, Value, Created, Updated) VALUES
(97, 97, 4, '1973-07-27 11:56:15', '1989-04-08 15:44:57'),
(17, 17, 8, '1981-03-07 17:47:36', '1970-01-01 01:51:14'),
(41, 41, 10, '2008-04-16 03:15:55', '1984-03-14 15:44:57'),
(7, 7, 1, '1993-11-01 23:49:37', '1975-01-26 01:51:15'),
(55, 55, 10, '1978-08-21 11:56:16', '1970-01-01 01:51:15'),
(100, 100, 10, '1998-11-26 23:49:38', '1975-01-26 01:51:16'),
(90, 90, 7, '1973-07-27 11:56:16', '2012-08-12 20:28:31'),
(98, 98, 8, '2003-03-23 03:15:55', '1996-05-24 21:16:06'),
(91, 91, 10, '2008-04-16 03:15:56', '1991-04-30 21:16:06'),
(45, 45, 10, '2012-08-30 20:21:06', '1970-01-01 01:51:16'),
(31, 31, 5, '2003-03-23 03:15:56', '1975-01-26 01:51:17'),
(42, 42, 0, '2008-04-16 03:15:57', '2005-03-21 07:40:03'),
(82, 82, 10, '2003-03-23 03:15:57', '1970-01-01 01:51:17'),
(32, 32, 6, '2008-04-16 03:15:58', '1975-01-26 01:51:18'),
(22, 22, 4, '2017-09-24 20:21:04', '2010-04-15 07:40:04'),
(99, 99, 6, '1993-11-01 23:49:38', '2005-03-21 07:40:04'),
(33, 33, 3, '2012-08-30 20:21:07', '2017-09-06 20:28:29'),
(72, 72, 9, '1978-08-21 11:56:17', '2010-04-15 07:40:05'),
(83, 83, 10, '1986-04-01 17:47:37', '1970-01-01 01:51:18'),
(92, 92, 5, '1981-03-07 17:47:37', '2012-08-12 20:28:32'),
(56, 56, 3, '1986-04-01 17:47:38', '1989-04-08 15:44:58'),
(46, 46, 4, '1973-07-27 11:56:17', '1996-05-24 21:16:07'),
(85, 85, 7, '2003-03-23 03:15:58', '1991-04-30 21:16:07'),
(18, 18, 2, '1978-08-21 11:56:18', '1984-03-14 15:44:58'),
(57, 57, 1, '2017-09-24 20:21:05', '2005-03-21 07:40:05'),
(23, 23, 4, '2012-08-30 20:21:08', '2017-09-06 20:28:30'),
(34, 34, 3, '2017-09-24 20:21:06', '1975-01-26 01:51:19'),
(47, 47, 1, '2008-04-16 03:15:59', '1996-05-24 21:16:08'),
(73, 73, 8, '1973-07-27 11:56:18', '2012-08-12 20:28:33'),
(84, 84, 1, '2012-08-30 20:21:09', '1970-01-01 01:51:19'),
(24, 24, 8, '2017-09-24 20:21:07', '2010-04-15 07:40:06'),
(93, 93, 8, '1981-03-07 17:47:38', '1989-04-08 15:44:59'),
(8, 8, 6, '2003-03-23 03:15:59', '2017-09-06 20:28:31'),
(74, 74, 3, '1978-08-21 11:56:19', '1975-01-26 01:51:20'),
(64, 64, 5, '2012-08-30 20:21:10', '2005-03-21 07:40:06'),
(58, 58, 2, '1986-04-01 17:47:39', '1984-03-14 15:44:59'),
(75, 75, 3, '2017-09-24 20:21:08', '2010-04-15 07:40:07'),
(35, 35, 4, '1998-11-26 23:49:39', '1991-04-30 21:16:08'),
(25, 25, 5, '1993-11-01 23:49:39', '2005-03-21 07:40:07'),
(19, 19, 1, '2008-04-16 03:16:00', '1989-04-08 15:45:00'),
(86, 86, 9, '1998-11-26 23:49:40', '1984-03-14 15:45:00'),
(94, 94, 5, '1973-07-27 11:56:19', '1996-05-24 21:16:09'),
(65, 65, 5, '2012-08-30 20:21:11', '1991-04-30 21:16:09'),
(76, 76, 8, '2017-09-24 20:21:09', '1970-01-01 01:51:20'),
(9, 9, 2, '1978-08-21 11:56:20', '1996-05-24 21:16:10'),
(48, 48, 6, '2003-03-23 03:16:00', '2010-04-15 07:40:08'),
(87, 87, 6, '1993-11-01 23:49:40', '1991-04-30 21:16:10'),
(95, 95, 3, '2012-08-30 20:21:12', '1989-04-08 15:45:01'),
(88, 88, 0, '2008-04-16 03:16:01', '1984-03-14 15:45:01'),
(66, 66, 6, '1998-11-26 23:49:41', '2012-08-12 20:28:34'),
(96, 96, 1, '2017-09-24 20:21:10', '1989-04-08 15:45:02'),
(59, 59, 4, '1981-03-07 17:47:39', '1975-01-26 01:51:21'),
(49, 49, 9, '2012-08-30 20:21:13', '1996-05-24 21:16:11'),
(20, 20, 3, '2003-03-23 03:16:01', '2017-09-06 20:28:32'),
(36, 36, 9, '1993-11-01 23:49:41', '1984-03-14 15:45:02'),
(77, 77, 5, '1973-07-27 11:56:20', '1970-01-01 01:51:21'),
(26, 26, 1, '1986-04-01 17:47:40', '1989-04-08 15:45:03'),
(10, 10, 5, '1978-08-21 11:56:21', '1975-01-26 01:51:22'),
(89, 89, 5, '1998-11-26 23:49:42', '1984-03-14 15:45:03'),
(67, 67, 5, '1973-07-27 11:56:21', '1970-01-01 01:51:22'),
(60, 60, 2, '1993-11-01 23:49:42', '1991-04-30 21:16:11'),
(21, 21, 0, '2017-09-24 20:21:11', '2005-03-21 07:40:08'),
(50, 50, 6, '1981-03-07 17:47:40', '2012-08-12 20:28:35'),
(78, 78, 2, '1978-08-21 11:56:22', '2010-04-15 07:40:09'),
(11, 11, 10, '2012-08-30 20:21:14', '1989-04-08 15:45:04'),
(1, 1, 5, '2008-04-16 03:16:02', '2017-09-06 20:28:33'),
(12, 12, 0, '2017-09-24 20:21:12', '1975-01-26 01:51:23'),
(61, 61, 2, '1973-07-27 11:56:22', '1970-01-01 01:51:23'),
(68, 68, 2, '1986-04-01 17:47:41', '1984-03-14 15:45:04'),
(2, 2, 8, '1998-11-26 23:49:43', '1996-05-24 21:16:12'),
(13, 13, 10, '1981-03-07 17:47:41', '2012-08-12 20:28:36'),
(37, 37, 4, '1986-04-01 17:47:42', '2005-03-21 07:40:09'),
(51, 51, 9, '2012-08-30 20:21:15', '1989-04-08 15:45:05'),
(79, 79, 7, '2003-03-23 03:16:02', '1975-01-26 01:51:24'),
(62, 62, 9, '1993-11-01 23:49:43', '2010-04-15 07:40:10'),
(69, 69, 1, '1978-08-21 11:56:23', '2005-03-21 07:40:10'),
(27, 27, 4, '2008-04-16 03:16:03', '2017-09-06 20:28:34'),
(80, 80, 3, '1973-07-27 11:56:23', '2010-04-15 07:40:11'),
(70, 70, 4, '1981-03-07 17:47:42', '1970-01-01 01:51:24'),
(3, 3, 1, '1978-08-21 11:56:24', '1975-01-26 01:51:25'),
(38, 38, 0, '1986-04-01 17:47:43', '1984-03-14 15:45:05'),
(52, 52, 1, '1973-07-27 11:56:24', '2005-03-21 07:40:11'),
(14, 14, 6, '1978-08-21 11:56:25', '2010-04-15 07:40:12'),
(81, 81, 6, '2017-09-24 20:21:13', '1989-04-08 15:45:06'),
(63, 63, 9, '1998-11-26 23:49:44', '1984-03-14 15:45:06'),
(28, 28, 10, '2012-08-30 20:21:16', '1991-04-30 21:16:12'),
(71, 71, 8, '1973-07-27 11:56:25', '1989-04-08 15:45:07'),
(39, 39, 4, '1993-11-01 23:49:44', '1984-03-14 15:45:07'),
(4, 4, 1, '1981-03-07 17:47:43', '1989-04-08 15:45:08'),
(15, 15, 5, '1978-08-21 11:56:26', '1984-03-14 15:45:08'),
(53, 53, 7, '1998-11-26 23:49:45', '1996-05-24 21:16:13'),
(29, 29, 4, '1993-11-01 23:49:45', '1989-04-08 15:45:09'),
(43, 43, 1, '1973-07-27 11:56:26', '1970-01-01 01:51:25'),
(40, 40, 1, '1986-04-01 17:47:44', '2005-03-21 07:40:12'),
(54, 54, 4, '2017-09-24 20:21:14', '2012-08-12 20:28:37'),
(5, 5, 5, '2003-03-23 03:16:03', '2010-04-15 07:40:13'),
(44, 44, 10, '1998-11-26 23:49:46', '2005-03-21 07:40:13'),
(16, 16, 3, '2008-04-16 03:16:04', '1984-03-14 15:45:09'),
(6, 6, 6, '1981-03-07 17:47:44', '1991-04-30 21:16:13'),
(30, 30, 9, '1986-04-01 17:47:45', '2017-09-06 20:28:35');

--
-- Вставка данных в таблицу Profile
--
INSERT INTO Profile(UserId, FirstName, LastName, GenderId, Birthday, СountryId, City, Created, Updated) VALUES
(97, 'Antoine', 'Draper', 1, '2010-02-24', 75, 'Godfrey', '1970-01-01 00:00:55', '1987-06-27 00:45:46'),
(17, 'Edythe', 'Schaeffer', 2, '2013-05-31', 85, 'Dunkirk', '1975-01-26 00:00:56', '1970-05-09 11:29:57'),
(41, 'Albert', 'Alicea', 1, '2019-02-24', 14, 'Terral', '2018-08-28 14:25:18', '2012-05-25 00:27:11'),
(7, 'Lanette', 'Nowak', 2, '2019-12-12', 1, 'Zuni', '1984-03-09 12:37:28', '1982-06-02 00:45:46'),
(55, 'Lean', 'Brice', 2, '2017-08-15', 68, 'Ainsworth', '1991-10-02 18:50:11', '2017-06-19 00:27:09'),
(100, 'Darla', 'Allan', 1, '2018-10-24', 55, 'Godwin', '1989-04-03 12:37:29', '1987-06-27 00:45:47'),
(90, 'Alfreda', 'Gonsalves', 2, '2011-05-07', 19, 'Brownstown', '1984-03-09 12:37:29', '1991-02-11 20:44:27'),
(98, 'Adrienne', 'Drayton', 2, '2017-07-20', 52, 'Dunlap', '1970-01-01 00:00:56', '2012-05-25 00:27:12'),
(91, 'Karma', 'Longo', 2, '2020-06-08', 55, 'Rentz', '1975-01-26 00:00:57', '1982-06-02 00:45:47'),
(45, 'Julian', 'Gonzales', 1, '2012-12-04', 73, 'Ocean Isle Beach', '2008-10-10 10:40:36', '1996-03-07 20:44:28'),
(31, 'Huey', 'Roberge', 2, '2010-01-08', 87, 'Renville', '1970-01-01 00:00:57', '2002-02-23 08:20:45'),
(42, 'Ezequiel', 'Nowlin', 1, '2020-12-01', 44, 'Goffstown', '1996-10-26 18:50:12', '2017-06-19 00:27:10'),
(82, 'Kaley', 'Roberson', 2, '2019-01-28', 11, 'Dunn', '1991-10-02 18:50:12', '1987-06-27 00:45:48'),
(32, 'Rosia', 'Drew', 1, '2019-05-25', 48, 'Golconda', '1996-10-26 18:50:13', '2012-05-25 00:27:13'),
(22, 'Perry', 'Gonzalez', 2, '2014-06-12', 10, 'Imperial', '1975-01-26 00:00:58', '1982-06-02 00:45:48'),
(99, 'Stuart', 'Driscoll', 2, '2015-01-15', 36, 'Lyndonville', '1970-01-01 00:00:58', '2007-03-20 08:20:46'),
(33, 'Adela', 'Tirado', 2, '2018-06-28', 52, 'Airway Heights', '1975-01-26 00:00:59', '1991-02-11 20:44:28'),
(72, 'Daryl', 'Schafer', 2, '2020-06-07', 34, 'Dunn Loring', '2013-08-03 14:25:21', '1987-06-27 00:45:49'),
(83, 'Franklin', 'Hughey', 1, '2018-04-11', 76, 'Wood Dale', '2018-08-28 14:25:19', '1996-03-07 20:44:29'),
(92, 'Adah', 'Gooch', 2, '2013-07-16', 63, 'Terre Haute', '2003-09-16 10:40:36', '1975-06-03 11:29:58'),
(56, 'Adelaida', 'Bridges', 1, '2019-01-08', 63, 'Wood Lake', '1970-01-01 00:00:59', '2017-06-19 00:27:11'),
(46, 'Gena', 'Allard', 2, '2020-12-14', 56, 'Gold Bar', '1989-04-03 12:37:30', '1982-06-02 00:45:49'),
(85, 'Dwain', 'Briggs', 2, '2020-02-16', 19, 'Dunnigan', '1984-03-09 12:37:30', '1987-06-27 00:45:50'),
(18, 'Jacelyn', 'Driver', 1, '2019-03-07', 36, 'Ocean Park', '1989-04-03 12:37:31', '2002-02-23 08:20:46'),
(57, 'Clementina', 'Gooden', 2, '2013-01-04', 12, 'Imperial Beach', '1975-01-26 00:01:00', '1970-05-09 11:29:58'),
(23, 'Victorina', 'Noyes', 2, '2020-11-17', 72, 'Lynn', '1970-01-01 00:01:00', '2007-03-20 08:20:47'),
(34, 'Andreas', 'Tisdale', 2, '2019-10-14', 64, 'Ina', '1991-10-02 18:50:13', '1991-02-11 20:44:29'),
(47, 'Leigh', 'Schaffer', 2, '2020-06-06', 47, 'Lynn Haven', '2013-08-03 14:25:22', '1996-03-07 20:44:30'),
(73, 'Florencio', 'Titus', 2, '2020-06-22', 66, 'Brownsville', '2018-08-28 14:25:20', '2012-05-25 00:27:14'),
(84, 'Toshia', 'Schell', 2, '2019-01-02', 86, 'Gold Beach', '2013-08-03 14:25:23', '1991-02-11 20:44:30'),
(24, 'Raymundo', 'Longoria', 1, '2011-06-23', 57, 'Represa', '2018-08-28 14:25:21', '2002-02-23 08:20:47'),
(93, 'Erick', 'Drummond', 2, '2019-05-16', 62, 'Inchelium', '2008-10-10 10:40:37', '1996-03-07 20:44:31'),
(8, 'Sebastian', 'Robert', 2, '2020-07-12', 20, 'Aitkin', '1975-01-26 00:01:01', '1982-06-02 00:45:50'),
(74, 'Jewel', 'Tobias', 1, '2010-01-02', 67, 'Ocean Shores', '1996-10-26 18:50:14', '1991-02-11 20:44:31'),
(64, 'Alla', 'Hull', 2, '2016-02-14', 17, 'Dunning', '2013-08-03 14:25:24', '2017-06-19 00:27:12'),
(58, 'Rex', 'Nugent', 1, '2013-09-12', 53, 'Golden', '2003-09-16 10:40:37', '1975-06-03 11:29:59'),
(75, 'Eduardo', 'Goodman', 2, '2010-12-28', 65, 'Lynnfield', '1991-10-02 18:50:14', '1970-05-09 11:29:59'),
(35, 'Donnette', 'Drury', 2, '2018-05-23', 85, 'Terrell', '1970-01-01 00:01:01', '1975-06-03 11:30:00'),
(25, 'Hugo', 'Scherer', 2, '2014-09-01', 59, 'Wood Ridge', '1975-01-26 00:01:02', '2012-05-25 00:27:15'),
(19, 'Mary', 'Allen', 1, '2012-02-15', 43, 'Incline Village', '2018-08-28 14:25:22', '1970-05-09 11:30:00'),
(86, 'Renata', 'Bright', 1, '2019-12-28', 50, 'Terril', '1984-03-09 12:37:31', '1996-03-07 20:44:32'),
(94, 'Abdul', 'Tobin', 1, '2010-01-10', 84, 'Dunnville', '1989-04-03 12:37:32', '1987-06-27 00:45:51'),
(65, 'Roxann', 'Alley', 2, '2016-08-21', 16, 'Golden City', '2013-08-03 14:25:25', '1975-06-03 11:30:01'),
(76, 'Jaimee', 'Goodrich', 1, '2018-11-04', 82, 'Republic', '1984-03-09 12:37:32', '1982-06-02 00:45:51'),
(9, 'Tina', 'Duarte', 2, '2011-08-20', 49, 'Lynnville', '1970-01-01 00:01:02', '2017-06-19 00:27:13'),
(48, 'Moses', 'Roberts', 1, '2020-09-15', 39, 'Dunseith', '1975-01-26 00:01:03', '1991-02-11 20:44:32'),
(87, 'Rosalee', 'Schiller', 2, '2019-07-20', 64, 'Brownton', '1996-10-26 18:50:15', '1996-03-07 20:44:33'),
(95, 'Adan', 'Goodson', 2, '2020-11-08', 35, 'Wood River', '2018-08-28 14:25:23', '2007-03-20 08:20:48'),
(88, 'Dallas', 'Loomis', 2, '2019-01-10', 17, 'Independence', '1970-01-01 00:01:03', '2002-02-23 08:20:48'),
(66, 'Oma', 'Brill', 2, '2017-03-13', 18, 'Golden Meadow', '2008-10-10 10:40:38', '1987-06-27 00:45:52'),
(96, 'Crista', 'Todd', 1, '2011-06-20', 30, 'Ocean Springs', '1989-04-03 12:37:33', '2012-05-25 00:27:16'),
(59, 'Abel', 'Dube', 2, '2019-08-01', 9, 'Lynnwood', '2013-08-03 14:25:26', '1982-06-02 00:45:52'),
(49, 'Jon', 'Numbers', 1, '2014-02-17', 27, 'Ajo', '1975-01-26 00:01:04', '1970-05-09 11:30:01'),
(20, 'Cecila', 'Schilling', 1, '2019-03-20', 66, 'Dunsmuir', '1991-10-02 18:50:15', '2007-03-20 08:20:49'),
(36, 'Pierre', 'Hulsey', 1, '2015-01-03', 42, 'Republican City', '2018-08-28 14:25:24', '1975-06-03 11:30:02'),
(77, 'Dalene', 'Goodwin', 1, '2010-01-24', 73, 'Ocean View', '2003-09-16 10:40:38', '2017-06-19 00:27:14'),
(26, 'Adolph', 'Robertson', 2, '2020-01-01', 50, 'Brownville', '1970-01-01 00:01:04', '1991-02-11 20:44:33'),
(10, 'Cleo', 'Nunes', 2, '2010-04-04', 77, 'Rescue', '1996-10-26 18:50:16', '1996-03-07 20:44:34'),
(89, 'Dominic', 'Looney', 1, '2019-02-16', 19, 'Golden Valley', '1991-10-02 18:50:16', '1987-06-27 00:45:53'),
(67, 'Sallie', 'Robinette', 2, '2019-12-17', 9, 'Oceana', '2008-10-10 10:40:39', '1991-02-11 20:44:34'),
(60, 'Lindsay', 'Dubois', 2, '2020-08-27', 8, 'Akron', '1996-10-26 18:50:17', '1996-03-07 20:44:35'),
(21, 'Suanne', 'Nunez', 1, '2010-01-04', 82, 'Index', '1975-01-26 00:01:05', '2002-02-23 08:20:49'),
(50, 'Hilton', 'Humes', 2, '2011-10-31', 66, 'Lynwood', '1991-10-02 18:50:17', '1982-06-02 00:45:53'),
(78, 'Bradley', 'Tolbert', 2, '2019-01-07', 50, 'Indiahoma', '2003-09-16 10:40:39', '1987-06-27 00:45:54'),
(11, 'Arthur', 'Schindler', 2, '2013-01-28', 56, 'Dunstable', '2013-08-03 14:25:27', '1991-02-11 20:44:35'),
(1, 'Heide', 'Toledo', 2, '2013-02-16', 60, 'Goldendale', '2018-08-28 14:25:25', '1982-06-02 00:45:54'),
(12, 'Carla', 'Gordon', 2, '2016-07-08', 37, 'Terry', '2013-08-03 14:25:28', '2012-05-25 00:27:17'),
(61, 'Harvey', 'Dubose', 1, '2010-01-08', 22, 'Lyons', '1970-01-01 00:01:05', '1970-05-09 11:30:02'),
(68, 'Phillip', 'Allison', 2, '2013-06-09', 51, 'Indialantic', '1975-01-26 00:01:06', '1975-06-03 11:30:03'),
(2, 'Tory', 'Schmid', 2, '2019-01-24', 65, 'Dupo', '1984-03-09 12:37:33', '2007-03-20 08:20:50'),
(13, 'Nelson', 'Toler', 1, '2019-04-04', 50, 'Brownwood', '2018-08-28 14:25:26', '1970-05-09 11:30:03'),
(37, 'Samuel', 'Gorham', 2, '2015-03-11', 70, 'Goldenrod', '2013-08-03 14:25:29', '2002-02-23 08:20:50'),
(51, 'Janay', 'Loper', 1, '2019-01-04', 56, 'Lyoth', '1970-01-01 00:01:06', '2007-03-20 08:20:51'),
(79, 'Allan', 'Duckett', 2, '2017-11-30', 18, 'Reseda', '2008-10-10 10:40:40', '2002-02-23 08:20:51'),
(62, 'Viki', 'Schmidt', 2, '2020-10-30', 62, 'Woodacre', '1975-01-26 00:01:07', '1975-06-03 11:30:04'),
(69, 'Paris', 'Robins', 1, '2020-04-10', 60, 'Indian Head', '2018-08-28 14:25:27', '2017-06-19 00:27:15'),
(27, 'Shon', 'Brink', 2, '2015-10-06', 47, 'Dupont', '1996-10-26 18:50:18', '1996-03-07 20:44:36'),
(80, 'Kenny', 'Toliver', 1, '2020-04-13', 78, 'Goldfield', '1989-04-03 12:37:34', '2012-05-25 00:27:18'),
(70, 'Maybelle', 'Gorman', 1, '2011-04-06', 65, 'Oceano', '2013-08-03 14:25:30', '1970-05-09 11:30:04'),
(3, 'Tanesha', 'Duckworth', 1, '2016-08-02', 48, 'Alabaster', '1970-01-01 00:01:07', '1987-06-27 00:45:55'),
(38, 'Beatris', 'Nunley', 1, '2011-07-23', 27, 'Lytle', '1975-01-26 00:01:08', '1975-06-03 11:30:05'),
(52, 'Amado', 'Hummel', 1, '2020-11-24', 77, 'Dupree', '1991-10-02 18:50:18', '2017-06-19 00:27:16'),
(14, 'Magdalena', 'Schmitt', 1, '2019-01-08', 5, 'Terryville', '2003-09-16 10:40:40', '2012-05-25 00:27:19'),
(81, 'Virgen', 'Goss', 2, '2019-10-22', 64, 'Woodberry Forest', '2018-08-28 14:25:28', '2007-03-20 08:20:52'),
(63, 'Meagan', 'Allman', 1, '2019-03-13', 9, 'Goldsboro', '1970-01-01 00:01:08', '2002-02-23 08:20:52'),
(28, 'Jolyn', 'Brinkley', 1, '2012-08-22', 10, 'Duquesne', '1984-03-09 12:37:34', '1991-02-11 20:44:36'),
(71, 'Alex', 'Dudley', 1, '2010-03-19', 27, 'Indian Hills', '1989-04-03 12:37:35', '1996-03-07 20:44:37'),
(39, 'Kimberlee', 'Gossett', 2, '2020-10-11', 1, 'Goldston', '1975-01-26 00:01:09', '1970-05-09 11:30:05'),
(4, 'Iliana', 'Tolliver', 2, '2019-03-07', 36, 'Durand', '1970-01-01 00:01:09', '1991-02-11 20:44:37'),
(15, 'Ada', 'Duff', 2, '2019-02-16', 65, 'Bruce', '2013-08-03 14:25:31', '2017-06-19 00:27:17'),
(53, 'Abigail', 'Gough', 1, '2019-06-23', 4, 'Goldthwaite', '1975-01-26 00:01:10', '1996-03-07 20:44:38'),
(29, 'Eric', 'Lopes', 1, '2019-09-25', 79, 'Durango', '1970-01-01 00:01:10', '1975-06-03 11:30:06'),
(43, 'Valentin', 'Duffy', 2, '2013-05-07', 28, 'Goleta', '2008-10-10 10:40:41', '1991-02-11 20:44:38'),
(40, 'Brittni', 'Gould', 2, '2011-05-01', 75, 'Durant', '1975-01-26 00:01:11', '2012-05-25 00:27:20'),
(54, 'Jess', 'Dugan', 1, '2010-10-26', 55, 'Golf', '1970-01-01 00:01:11', '1982-06-02 00:45:55'),
(5, 'Brooks', 'Goulet', 2, '2013-10-20', 28, 'Reserve', '1975-01-26 00:01:12', '1970-05-09 11:30:06'),
(44, 'Adrien', 'Dugas', 2, '2019-08-02', 21, 'Tesuque', '1970-01-01 00:01:12', '1987-06-27 00:45:56'),
(16, 'Ollie', 'Robinson', 2, '2011-07-03', 35, 'Oceanport', '1975-01-26 00:01:13', '1982-06-02 00:45:56'),
(6, 'Aubrey', 'Allred', 1, '2013-06-21', 51, 'Alachua', '1996-10-26 18:50:19', '2017-06-19 00:27:18'),
(30, 'Ava', 'Nunn', 2, '2020-06-24', 54, 'Woodbine', '1984-03-09 12:37:35', '1987-06-27 00:45:57');

--
-- Вставка данных в таблицу WillWatch
--
INSERT INTO WillWatch(UserId, MovieId, Created) VALUES
(97, 97, '2017-10-30 13:52:50'),
(17, 17, '1988-03-04 20:18:20'),
(41, 41, '2012-10-05 13:52:53'),
(7, 7, '2017-10-30 13:52:51'),
(55, 55, '2009-05-03 05:49:52'),
(100, 100, '1990-08-01 22:59:14'),
(90, 90, '1983-02-08 20:18:20'),
(98, 98, '2004-04-08 05:49:52'),
(91, 91, '2009-05-03 05:49:53'),
(45, 45, '2004-04-08 05:49:53'),
(31, 31, '1975-03-06 02:33:19'),
(42, 42, '2009-05-03 05:49:54'),
(82, 82, '1995-08-26 22:59:15'),
(32, 32, '1990-08-01 22:59:15'),
(22, 22, '1988-03-04 20:18:21'),
(99, 99, '1970-02-09 02:33:19'),
(33, 33, '1975-03-06 02:33:20'),
(72, 72, '1995-08-26 22:59:16'),
(83, 83, '1983-02-08 20:18:21'),
(92, 92, '2012-10-05 13:52:54'),
(56, 56, '2004-04-08 05:49:54'),
(46, 46, '1988-03-04 20:18:22'),
(85, 85, '1990-08-01 22:59:16'),
(18, 18, '1983-02-08 20:18:22'),
(57, 57, '2017-10-30 13:52:52'),
(23, 23, '1970-02-09 02:33:20'),
(34, 34, '1988-03-04 20:18:23'),
(47, 47, '1975-03-06 02:33:21'),
(73, 73, '2009-05-03 05:49:55'),
(84, 84, '2004-04-08 05:49:55'),
(24, 24, '1983-02-08 20:18:23'),
(93, 93, '1970-02-09 02:33:21'),
(8, 8, '2012-10-05 13:52:55'),
(74, 74, '1988-03-04 20:18:24'),
(64, 64, '1975-03-06 02:33:22'),
(58, 58, '1983-02-08 20:18:24'),
(75, 75, '2017-10-30 13:52:53'),
(35, 35, '1970-02-09 02:33:22'),
(25, 25, '1988-03-04 20:18:25'),
(19, 19, '1975-03-06 02:33:23'),
(86, 86, '1983-02-08 20:18:25'),
(94, 94, '2009-05-03 05:49:56'),
(65, 65, '1995-08-26 22:59:17'),
(76, 76, '2012-10-05 13:52:56'),
(9, 9, '1990-08-01 22:59:17'),
(48, 48, '2017-10-30 13:52:54'),
(87, 87, '1970-02-09 02:33:23'),
(95, 95, '1988-03-04 20:18:26'),
(88, 88, '2004-04-08 05:49:56'),
(66, 66, '2009-05-03 05:49:57'),
(96, 96, '1975-03-06 02:33:24'),
(59, 59, '1983-02-08 20:18:26'),
(49, 49, '1988-03-04 20:18:27'),
(20, 20, '1995-08-26 22:59:18'),
(36, 36, '1990-08-01 22:59:18'),
(77, 77, '1970-02-09 02:33:24'),
(26, 26, '1983-02-08 20:18:27'),
(10, 10, '1988-03-04 20:18:28'),
(89, 89, '1983-02-08 20:18:28'),
(67, 67, '1975-03-06 02:33:25'),
(60, 60, '2012-10-05 13:52:57'),
(21, 21, '1988-03-04 20:18:29'),
(50, 50, '1983-02-08 20:18:29'),
(78, 78, '1988-03-04 20:18:30'),
(11, 11, '2004-04-08 05:49:57'),
(1, 1, '1970-02-09 02:33:25'),
(12, 12, '1995-08-26 22:59:19'),
(61, 61, '2009-05-03 05:49:58'),
(68, 68, '2017-10-30 13:52:55'),
(2, 2, '1990-08-01 22:59:19'),
(13, 13, '1983-02-08 20:18:30'),
(37, 37, '1995-08-26 22:59:20'),
(51, 51, '2012-10-05 13:52:58'),
(79, 79, '2004-04-08 05:49:58'),
(62, 62, '2017-10-30 13:52:56'),
(69, 69, '2009-05-03 05:49:59'),
(27, 27, '2004-04-08 05:49:59'),
(80, 80, '2009-05-03 05:50:00'),
(70, 70, '1975-03-06 02:33:26'),
(3, 3, '2012-10-05 13:52:59'),
(38, 38, '2017-10-30 13:52:57'),
(52, 52, '2004-04-08 05:50:00'),
(14, 14, '2009-05-03 05:50:01'),
(81, 81, '1970-02-09 02:33:26'),
(63, 63, '1988-03-04 20:18:31'),
(28, 28, '2012-10-05 13:53:00'),
(71, 71, '1975-03-06 02:33:27'),
(39, 39, '1990-08-01 22:59:20'),
(4, 4, '2004-04-08 05:50:01'),
(15, 15, '2017-10-30 13:52:58'),
(53, 53, '1983-02-08 20:18:31'),
(29, 29, '1970-02-09 02:33:27'),
(43, 43, '2012-10-05 13:53:01'),
(40, 40, '1988-03-04 20:18:32'),
(54, 54, '2009-05-03 05:50:02'),
(5, 5, '2004-04-08 05:50:02'),
(44, 44, '1975-03-06 02:33:28'),
(16, 16, '2017-10-30 13:52:59'),
(6, 6, '1995-08-26 22:59:21'),
(30, 30, '1983-02-08 20:18:32');